Constituency Code,Constituency Name,Company,Acronym,Company Type,Note,website,Percentage of constituency's properties in this area
E14000530,Aldershot,Thames Water,TMS,regional water and sewerage company,,https://www.unitedutilities.com/,97.7%
E14000530,Aldershot,Severn Trent Services,STS,small new entrant water/sewerage company (sometimes referred to as a NAV),,https://www.southwestwater.co.uk/,2.3%
E14000531,Aldridge-Brownhills,Severn Trent Water,SVE,regional water and sewerage company,,https://www.thameswater.co.uk/,100.0%
E14000532,Altrincham and Sale West,United Utilities,UUW,regional water and sewerage company,,https://www.stwater.co.uk/,100.0%
E14000533,Amber Valley,Severn Trent Water,SVE,regional water and sewerage company,,https://www.thameswater.co.uk/,100.0%
E14000534,Arundel and South Downs,Southern Water,SRN,regional water and sewerage company,,https://www.stwater.co.uk/,99.3%
E14000534,Arundel and South Downs,Icosa Water Services,ICO,small new entrant water/sewerage company (sometimes referred to as a NAV),,https://www.iwnl.co.uk/,0.7%
E14000535,Ashfield,Severn Trent Water,SVE,regional water and sewerage company,,https://www.thameswater.co.uk/,99.8%
E14000535,Ashfield,Yorkshire Water,YKY,regional water and sewerage company,,https://www.stwater.co.uk/,0.2%
E14000536,Ashford,Southern Water,SRN,regional water and sewerage company,,https://www.stwater.co.uk/,99.1%
E14000536,Ashford,Icosa Water Services,ICO,small new entrant water/sewerage company (sometimes referred to as a NAV),,https://www.iwnl.co.uk/,0.9%
E14000537,Ashton-under-Lyne,United Utilities,UUW,regional water and sewerage company,,https://www.stwater.co.uk/,100.0%
E14000538,Aylesbury,Thames Water,TMS,regional water and sewerage company,,https://www.unitedutilities.com/,94.3%
E14000538,Aylesbury,Independent Water Networks,IWN,small new entrant water/sewerage company (sometimes referred to as a NAV),,https://www.unitedutilities.com/,5.7%
E14000539,Banbury,Thames Water,TMS,regional water and sewerage company,,https://www.unitedutilities.com/,94.1%
E14000539,Banbury,County Water,CoW,small new entrant water/sewerage company (sometimes referred to as a NAV),,https://www.stwater.co.uk/,2.5%
E14000539,Banbury,Anglian Water,ANH,regional water and sewerage company,,https://www.stwater.co.uk/,2.5%
E14000539,Banbury,Severn Trent Water,SVE,regional water and sewerage company,,https://www.thameswater.co.uk/,0.8%
E14000540,Barking,Thames Water,TMS,regional water and sewerage company,,https://www.unitedutilities.com/,96.6%
E14000540,Barking,Leep Networks (Water),SSE,small new entrant water/sewerage company (sometimes referred to as a NAV),,https://www.thameswater.co.uk/,3.4%
E14000541,Barnsley Central,Yorkshire Water,YKY,regional water and sewerage company,,https://www.stwater.co.uk/,100.0%
E14000542,Barnsley East,Yorkshire Water,YKY,regional water and sewerage company,,https://www.stwater.co.uk/,100.0%
E14000543,Barrow and Furness,United Utilities,UUW,regional water and sewerage company,,https://www.stwater.co.uk/,100.0%
E14000544,Basildon and Billericay,Anglian Water,ANH,regional water and sewerage company,,https://www.stwater.co.uk/,100.0%
E14000545,Basingstoke,Thames Water,TMS,regional water and sewerage company,,https://www.unitedutilities.com/,97.7%
E14000545,Basingstoke,Southern Water,SRN,regional water and sewerage company,,https://www.stwater.co.uk/,2.0%
E14000545,Basingstoke,Severn Trent Services,STS,small new entrant water/sewerage company (sometimes referred to as a NAV),,https://www.southwestwater.co.uk/,0.2%
E14000546,Bassetlaw,Severn Trent Water,SVE,regional water and sewerage company,,https://www.thameswater.co.uk/,100.0%
E14000547,Bath,Wessex Water,WSX,regional water and sewerage company,,https://www.southernwater.co.uk/,100.0%
E14000548,Batley and Spen,Yorkshire Water,YKY,regional water and sewerage company,,https://www.stwater.co.uk/,100.0%
E14000549,Battersea,Thames Water,TMS,regional water and sewerage company,,https://www.unitedutilities.com/,95.4%
E14000549,Battersea,Leep Networks (Water),SSE,small new entrant water/sewerage company (sometimes referred to as a NAV),,https://www.thameswater.co.uk/,4.6%
E14000550,Beaconsfield,Thames Water,TMS,regional water and sewerage company,,https://www.unitedutilities.com/,100.0%
E14000551,Beckenham,Thames Water,TMS,regional water and sewerage company,,https://www.unitedutilities.com/,98.1%
E14000551,Beckenham,Leep Networks (Water),SSE,small new entrant water/sewerage company (sometimes referred to as a NAV),,https://www.thameswater.co.uk/,1.9%
E14000552,Bedford,Anglian Water,ANH,regional water and sewerage company,,https://www.stwater.co.uk/,100.0%
E14000553,Bermondsey and Old Southwark,Thames Water,TMS,regional water and sewerage company,,https://www.unitedutilities.com/,100.0%
E14000554,Berwick-upon-Tweed,Northumbrian Water,NES,regional water and sewerage company,,https://www.leeputilities.co.uk/water,100.0%
E14000555,Bethnal Green and Bow,Thames Water,TMS,regional water and sewerage company,,https://www.unitedutilities.com/,100.0%
E14000556,Beverley and Holderness,Yorkshire Water,YKY,regional water and sewerage company,,https://www.stwater.co.uk/,100.0%
E14000557,Bexhill and Battle,Southern Water,SRN,regional water and sewerage company,,https://www.stwater.co.uk/,99.4%
E14000557,Bexhill and Battle,Icosa Water Services,ICO,small new entrant water/sewerage company (sometimes referred to as a NAV),,https://www.iwnl.co.uk/,0.6%
E14000558,Bexleyheath and Crayford,Thames Water,TMS,regional water and sewerage company,,https://www.unitedutilities.com/,100.0%
E14000559,Birkenhead,United Utilities,UUW,regional water and sewerage company,,https://www.stwater.co.uk/,100.0%
E14000560,"Birmingham, Edgbaston",Severn Trent Water,SVE,regional water and sewerage company,,https://www.thameswater.co.uk/,100.0%
E14000561,"Birmingham, Erdington",Severn Trent Water,SVE,regional water and sewerage company,,https://www.thameswater.co.uk/,100.0%
E14000562,"Birmingham, Hall Green",Severn Trent Water,SVE,regional water and sewerage company,,https://www.thameswater.co.uk/,100.0%
E14000563,"Birmingham, Hodge Hill",Severn Trent Water,SVE,regional water and sewerage company,,https://www.thameswater.co.uk/,100.0%
E14000564,"Birmingham, Ladywood",Severn Trent Water,SVE,regional water and sewerage company,,https://www.thameswater.co.uk/,100.0%
E14000565,"Birmingham, Northfield",Severn Trent Water,SVE,regional water and sewerage company,,https://www.thameswater.co.uk/,100.0%
E14000566,"Birmingham, Perry Barr",Severn Trent Water,SVE,regional water and sewerage company,,https://www.thameswater.co.uk/,100.0%
E14000567,"Birmingham, Selly Oak",Severn Trent Water,SVE,regional water and sewerage company,,https://www.thameswater.co.uk/,100.0%
E14000568,"Birmingham, Yardley",Severn Trent Water,SVE,regional water and sewerage company,,https://www.thameswater.co.uk/,100.0%
E14000569,Bishop Auckland,Northumbrian Water,NES,regional water and sewerage company,,https://www.leeputilities.co.uk/water,100.0%
E14000569,Bishop Auckland,Yorkshire Water,YKY,regional water and sewerage company,,https://www.stwater.co.uk/,0.0%
E14000570,Blackburn,United Utilities,UUW,regional water and sewerage company,,https://www.stwater.co.uk/,100.0%
E14000571,Blackley and Broughton,United Utilities,UUW,regional water and sewerage company,,https://www.stwater.co.uk/,100.0%
E14000572,Blackpool North and Cleveleys,United Utilities,UUW,regional water and sewerage company,,https://www.stwater.co.uk/,100.0%
E14000573,Blackpool South,United Utilities,UUW,regional water and sewerage company,,https://www.stwater.co.uk/,100.0%
E14000574,Blaydon,Northumbrian Water,NES,regional water and sewerage company,,https://www.leeputilities.co.uk/water,100.0%
E14000575,Blyth Valley,Northumbrian Water,NES,regional water and sewerage company,,https://www.leeputilities.co.uk/water,100.0%
E14000576,Bognor Regis and Littlehampton,Southern Water,SRN,regional water and sewerage company,,https://www.stwater.co.uk/,99.4%
E14000576,Bognor Regis and Littlehampton,Icosa Water Services,ICO,small new entrant water/sewerage company (sometimes referred to as a NAV),,https://www.iwnl.co.uk/,0.6%
E14000577,Bolsover,Severn Trent Water,SVE,regional water and sewerage company,,https://www.thameswater.co.uk/,69.7%
E14000577,Bolsover,Yorkshire Water,YKY,regional water and sewerage company,,https://www.stwater.co.uk/,30.3%
E14000578,Bolton North East,United Utilities,UUW,regional water and sewerage company,,https://www.stwater.co.uk/,100.0%
E14000579,Bolton South East,United Utilities,UUW,regional water and sewerage company,,https://www.stwater.co.uk/,100.0%
E14000580,Bolton West,United Utilities,UUW,regional water and sewerage company,,https://www.stwater.co.uk/,100.0%
E14000581,Bootle,United Utilities,UUW,regional water and sewerage company,,https://www.stwater.co.uk/,100.0%
E14000582,Boston and Skegness,Anglian Water,ANH,regional water and sewerage company,,https://www.stwater.co.uk/,100.0%
E14000583,Bosworth,Severn Trent Water,SVE,regional water and sewerage company,,https://www.thameswater.co.uk/,100.0%
E14000584,Bournemouth East,Wessex Water,WSX,regional water and sewerage company,,https://www.southernwater.co.uk/,100.0%
E14000585,Bournemouth West,Wessex Water,WSX,regional water and sewerage company,,https://www.southernwater.co.uk/,100.0%
E14000586,Bracknell,Thames Water,TMS,regional water and sewerage company,,https://www.unitedutilities.com/,99.6%
E14000586,Bracknell,Icosa Water Services,ICO,small new entrant water/sewerage company (sometimes referred to as a NAV),,https://www.iwnl.co.uk/,0.4%
E14000587,Bradford East,Yorkshire Water,YKY,regional water and sewerage company,,https://www.stwater.co.uk/,100.0%
E14000588,Bradford South,Yorkshire Water,YKY,regional water and sewerage company,,https://www.stwater.co.uk/,100.0%
E14000589,Bradford West,Yorkshire Water,YKY,regional water and sewerage company,,https://www.stwater.co.uk/,100.0%
E14000590,Braintree,Anglian Water,ANH,regional water and sewerage company,,https://www.stwater.co.uk/,100.0%
E14000591,Brent Central,Thames Water,TMS,regional water and sewerage company,,https://www.unitedutilities.com/,100.0%
E14000592,Brent North,Thames Water,TMS,regional water and sewerage company,,https://www.unitedutilities.com/,100.0%
E14000593,Brentford and Isleworth,Thames Water,TMS,regional water and sewerage company,,https://www.unitedutilities.com/,100.0%
E14000594,Brentwood and Ongar,Anglian Water,ANH,regional water and sewerage company,,https://www.stwater.co.uk/,50.6%
E14000594,Brentwood and Ongar,Thames Water,TMS,regional water and sewerage company,,https://www.unitedutilities.com/,49.4%
E14000595,Bridgwater and West Somerset,Wessex Water,WSX,regional water and sewerage company,,https://www.southernwater.co.uk/,95.5%
E14000595,Bridgwater and West Somerset,South West Water,SWB,regional water and sewerage company,,https://www.unitedutilities.com/,4.5%
E14000596,Brigg and Goole,Yorkshire Water,YKY,regional water and sewerage company,,https://www.stwater.co.uk/,36.4%
E14000596,Brigg and Goole,Severn Trent Water,SVE,regional water and sewerage company,,https://www.thameswater.co.uk/,35.3%
E14000596,Brigg and Goole,Anglian Water,ANH,regional water and sewerage company,,https://www.stwater.co.uk/,28.3%
E14000596,Brigg and Goole,Independent Water Networks,IWN,small new entrant water/sewerage company (sometimes referred to as a NAV),,https://www.unitedutilities.com/,0.0%
E14000597,"Brighton, Kemptown",Southern Water,SRN,regional water and sewerage company,,https://www.stwater.co.uk/,99.7%
E14000597,"Brighton, Kemptown",Icosa Water Services,ICO,small new entrant water/sewerage company (sometimes referred to as a NAV),,https://www.iwnl.co.uk/,0.3%
E14000598,"Brighton, Pavilion",Southern Water,SRN,regional water and sewerage company,,https://www.stwater.co.uk/,100.0%
E14000599,Bristol East,Wessex Water,WSX,regional water and sewerage company,,https://www.southernwater.co.uk/,100.0%
E14000600,Bristol North West,Wessex Water,WSX,regional water and sewerage company,,https://www.southernwater.co.uk/,100.0%
E14000601,Bristol South,Wessex Water,WSX,regional water and sewerage company,,https://www.southernwater.co.uk/,100.0%
E14000602,Bristol West,Wessex Water,WSX,regional water and sewerage company,,https://www.southernwater.co.uk/,100.0%
E14000603,Broadland,Anglian Water,ANH,regional water and sewerage company,,https://www.stwater.co.uk/,99.5%
E14000603,Broadland,Icosa Water Services,ICO,small new entrant water/sewerage company (sometimes referred to as a NAV),,https://www.iwnl.co.uk/,0.5%
E14000604,Bromley and Chislehurst,Thames Water,TMS,regional water and sewerage company,,https://www.unitedutilities.com/,100.0%
E14000605,Bromsgrove,Severn Trent Water,SVE,regional water and sewerage company,,https://www.thameswater.co.uk/,100.0%
E14000606,Broxbourne,Thames Water,TMS,regional water and sewerage company,,https://www.unitedutilities.com/,100.0%
E14000607,Broxtowe,Severn Trent Water,SVE,regional water and sewerage company,,https://www.thameswater.co.uk/,100.0%
E14000608,Buckingham,Anglian Water,ANH,regional water and sewerage company,,https://www.stwater.co.uk/,52.8%
E14000608,Buckingham,Thames Water,TMS,regional water and sewerage company,,https://www.unitedutilities.com/,46.3%
E14000608,Buckingham,Leep Networks (Water),SSE,small new entrant water/sewerage company (sometimes referred to as a NAV),,https://www.thameswater.co.uk/,0.9%
E14000609,Burnley,United Utilities,UUW,regional water and sewerage company,,https://www.stwater.co.uk/,100.0%
E14000609,Burnley,Yorkshire Water,YKY,regional water and sewerage company,,https://www.stwater.co.uk/,0.0%
E14000610,Burton,Severn Trent Water,SVE,regional water and sewerage company,,https://www.thameswater.co.uk/,100.0%
E14000611,Bury North,United Utilities,UUW,regional water and sewerage company,,https://www.stwater.co.uk/,100.0%
E14000612,Bury South,United Utilities,UUW,regional water and sewerage company,,https://www.stwater.co.uk/,100.0%
E14000613,Bury St Edmunds,Anglian Water,ANH,regional water and sewerage company,,https://www.stwater.co.uk/,99.8%
E14000613,Bury St Edmunds,Icosa Water Services,ICO,small new entrant water/sewerage company (sometimes referred to as a NAV),,https://www.iwnl.co.uk/,0.2%
E14000614,Calder Valley,Yorkshire Water,YKY,regional water and sewerage company,,https://www.stwater.co.uk/,100.0%
E14000615,Camberwell and Peckham,Thames Water,TMS,regional water and sewerage company,,https://www.unitedutilities.com/,100.0%
E14000616,Camborne and Redruth,South West Water,SWB,regional water and sewerage company,,https://www.unitedutilities.com/,99.8%
E14000616,Camborne and Redruth,Icosa Water Services,ICO,small new entrant water/sewerage company (sometimes referred to as a NAV),,https://www.iwnl.co.uk/,0.2%
E14000617,Cambridge,Anglian Water,ANH,regional water and sewerage company,,https://www.stwater.co.uk/,100.0%
E14000618,Cannock Chase,Severn Trent Water,SVE,regional water and sewerage company,,https://www.thameswater.co.uk/,100.0%
E14000619,Canterbury,Southern Water,SRN,regional water and sewerage company,,https://www.stwater.co.uk/,100.0%
E14000619,Canterbury,Icosa Water Services,ICO,small new entrant water/sewerage company (sometimes referred to as a NAV),,https://www.iwnl.co.uk/,0.0%
E14000620,Carlisle,United Utilities,UUW,regional water and sewerage company,,https://www.stwater.co.uk/,100.0%
E14000621,Carshalton and Wallington,Thames Water,TMS,regional water and sewerage company,,https://www.unitedutilities.com/,100.0%
E14000622,Castle Point,Anglian Water,ANH,regional water and sewerage company,,https://www.stwater.co.uk/,100.0%
E14000623,Central Devon,South West Water,SWB,regional water and sewerage company,,https://www.unitedutilities.com/,100.0%
E14000624,Central Suffolk and North Ipswich,Anglian Water,ANH,regional water and sewerage company,,https://www.stwater.co.uk/,100.0%
E14000625,Charnwood,Severn Trent Water,SVE,regional water and sewerage company,,https://www.thameswater.co.uk/,100.0%
E14000626,Chatham and Aylesford,Southern Water,SRN,regional water and sewerage company,,https://www.stwater.co.uk/,100.0%
E14000627,Cheadle,United Utilities,UUW,regional water and sewerage company,,https://www.stwater.co.uk/,100.0%
E14000628,Chelmsford,Anglian Water,ANH,regional water and sewerage company,,https://www.stwater.co.uk/,100.0%
E14000629,Chelsea and Fulham,Thames Water,TMS,regional water and sewerage company,,https://www.unitedutilities.com/,100.0%
E14000630,Cheltenham,Severn Trent Water,SVE,regional water and sewerage company,,https://www.thameswater.co.uk/,100.0%
E14000631,Chesham and Amersham,Thames Water,TMS,regional water and sewerage company,,https://www.unitedutilities.com/,100.0%
E14000632,Chesterfield,Yorkshire Water,YKY,regional water and sewerage company,,https://www.stwater.co.uk/,99.8%
E14000632,Chesterfield,Icosa Water Services,ICO,small new entrant water/sewerage company (sometimes referred to as a NAV),,https://www.iwnl.co.uk/,0.2%
E14000633,Chichester,Southern Water,SRN,regional water and sewerage company,,https://www.stwater.co.uk/,97.1%
E14000633,Chichester,Thames Water,TMS,regional water and sewerage company,,https://www.unitedutilities.com/,2.1%
E14000633,Chichester,Leep Networks (Water),SSE,small new entrant water/sewerage company (sometimes referred to as a NAV),,https://www.thameswater.co.uk/,0.8%
E14000634,Chingford and Woodford Green,Thames Water,TMS,regional water and sewerage company,,https://www.unitedutilities.com/,100.0%
E14000635,Chippenham,Wessex Water,WSX,regional water and sewerage company,,https://www.southernwater.co.uk/,100.0%
E14000636,Chipping Barnet,Thames Water,TMS,regional water and sewerage company,,https://www.unitedutilities.com/,100.0%
E14000637,Chorley,United Utilities,UUW,regional water and sewerage company,,https://www.stwater.co.uk/,100.0%
E14000638,Christchurch,Wessex Water,WSX,regional water and sewerage company,,https://www.southernwater.co.uk/,100.0%
E14000638,Christchurch,Southern Water,SRN,regional water and sewerage company,,https://www.stwater.co.uk/,0.0%
E14000639,Cities of London and Westminster,Thames Water,TMS,regional water and sewerage company,,https://www.unitedutilities.com/,100.0%
E14000640,City of Chester,Dŵr Cymru,WSH,regional water and sewerage company,,https://www.icosawater.co.uk/,98.2%
E14000640,City of Chester,United Utilities,UUW,regional water and sewerage company,,https://www.stwater.co.uk/,1.8%
E14000641,City of Durham,Northumbrian Water,NES,regional water and sewerage company,,https://www.leeputilities.co.uk/water,100.0%
E14000642,Clacton,Anglian Water,ANH,regional water and sewerage company,,https://www.stwater.co.uk/,99.5%
E14000642,Clacton,Independent Water Networks,IWN,small new entrant water/sewerage company (sometimes referred to as a NAV),,https://www.unitedutilities.com/,0.5%
E14000643,Cleethorpes,Anglian Water,ANH,regional water and sewerage company,,https://www.stwater.co.uk/,100.0%
E14000644,Colchester,Anglian Water,ANH,regional water and sewerage company,,https://www.stwater.co.uk/,99.9%
E14000644,Colchester,Independent Water Networks,IWN,small new entrant water/sewerage company (sometimes referred to as a NAV),,https://www.unitedutilities.com/,0.1%
E14000645,Colne Valley,Yorkshire Water,YKY,regional water and sewerage company,,https://www.stwater.co.uk/,100.0%
E14000646,Congleton,United Utilities,UUW,regional water and sewerage company,,https://www.stwater.co.uk/,100.0%
E14000647,Copeland,United Utilities,UUW,regional water and sewerage company,,https://www.stwater.co.uk/,100.0%
E14000648,Corby,Anglian Water,ANH,regional water and sewerage company,,https://www.stwater.co.uk/,96.2%
E14000648,Corby,Independent Water Networks,IWN,small new entrant water/sewerage company (sometimes referred to as a NAV),,https://www.unitedutilities.com/,3.8%
E14000649,Coventry North East,Severn Trent Water,SVE,regional water and sewerage company,,https://www.thameswater.co.uk/,100.0%
E14000650,Coventry North West,Severn Trent Water,SVE,regional water and sewerage company,,https://www.thameswater.co.uk/,100.0%
E14000651,Coventry South,Severn Trent Water,SVE,regional water and sewerage company,,https://www.thameswater.co.uk/,100.0%
E14000652,Crawley,Thames Water,TMS,regional water and sewerage company,,https://www.unitedutilities.com/,97.7%
E14000652,Crawley,Independent Water Networks,IWN,small new entrant water/sewerage company (sometimes referred to as a NAV),,https://www.unitedutilities.com/,2.3%
E14000653,Crewe and Nantwich,United Utilities,UUW,regional water and sewerage company,,https://www.stwater.co.uk/,100.0%
E14000654,Croydon Central,Thames Water,TMS,regional water and sewerage company,,https://www.unitedutilities.com/,100.0%
E14000655,Croydon North,Thames Water,TMS,regional water and sewerage company,,https://www.unitedutilities.com/,99.5%
E14000655,Croydon North,Leep Networks (Water),SSE,small new entrant water/sewerage company (sometimes referred to as a NAV),,https://www.thameswater.co.uk/,0.5%
E14000656,Croydon South,Thames Water,TMS,regional water and sewerage company,,https://www.unitedutilities.com/,99.9%
E14000656,Croydon South,Leep Networks (Water),SSE,small new entrant water/sewerage company (sometimes referred to as a NAV),,https://www.thameswater.co.uk/,0.1%
E14000657,Dagenham and Rainham,Thames Water,TMS,regional water and sewerage company,,https://www.unitedutilities.com/,99.2%
E14000657,Dagenham and Rainham,Icosa Water Services,ICO,small new entrant water/sewerage company (sometimes referred to as a NAV),,https://www.iwnl.co.uk/,0.8%
E14000657,Dagenham and Rainham,Anglian Water,ANH,regional water and sewerage company,,https://www.stwater.co.uk/,0.0%
E14000658,Darlington,Northumbrian Water,NES,regional water and sewerage company,,https://www.leeputilities.co.uk/water,100.0%
E14000659,Dartford,Thames Water,TMS,regional water and sewerage company,,https://www.unitedutilities.com/,78.9%
E14000659,Dartford,Southern Water,SRN,regional water and sewerage company,,https://www.stwater.co.uk/,17.5%
E14000659,Dartford,Albion Water,ALB,small new entrant water/sewerage company (sometimes referred to as a NAV),,https://www.southernwater.co.uk/,2.0%
E14000659,Dartford,Independent Water Networks,IWN,small new entrant water/sewerage company (sometimes referred to as a NAV),,https://www.unitedutilities.com/,1.5%
E14000660,Daventry,Anglian Water,ANH,regional water and sewerage company,,https://www.stwater.co.uk/,83.4%
E14000660,Daventry,Severn Trent Water,SVE,regional water and sewerage company,,https://www.thameswater.co.uk/,11.2%
E14000660,Daventry,Thames Water,TMS,regional water and sewerage company,,https://www.unitedutilities.com/,5.4%
E14000660,Daventry,Independent Water Networks,IWN,small new entrant water/sewerage company (sometimes referred to as a NAV),,https://www.unitedutilities.com/,0.0%
E14000661,Denton and Reddish,United Utilities,UUW,regional water and sewerage company,,https://www.stwater.co.uk/,100.0%
E14000662,Derby North,Severn Trent Water,SVE,regional water and sewerage company,,https://www.thameswater.co.uk/,100.0%
E14000663,Derby South,Severn Trent Water,SVE,regional water and sewerage company,,https://www.thameswater.co.uk/,99.2%
E14000663,Derby South,Independent Water Networks,IWN,small new entrant water/sewerage company (sometimes referred to as a NAV),,https://www.unitedutilities.com/,0.8%
E14000664,Derbyshire Dales,Severn Trent Water,SVE,regional water and sewerage company,,https://www.thameswater.co.uk/,100.0%
E14000664,Derbyshire Dales,Yorkshire Water,YKY,regional water and sewerage company,,https://www.stwater.co.uk/,0.0%
E14000665,Devizes,Wessex Water,WSX,regional water and sewerage company,,https://www.southernwater.co.uk/,63.6%
E14000665,Devizes,Thames Water,TMS,regional water and sewerage company,,https://www.unitedutilities.com/,22.9%
E14000665,Devizes,Veolia Water Projects,VWS,small new entrant water/sewerage company (sometimes referred to as a NAV),,https://www.stwater.co.uk/,8.3%
E14000665,Devizes,Southern Water,SRN,regional water and sewerage company,,https://www.stwater.co.uk/,5.3%
E14000666,Dewsbury,Yorkshire Water,YKY,regional water and sewerage company,,https://www.stwater.co.uk/,100.0%
E14000667,Don Valley,Yorkshire Water,YKY,regional water and sewerage company,,https://www.stwater.co.uk/,50.6%
E14000667,Don Valley,Severn Trent Water,SVE,regional water and sewerage company,,https://www.thameswater.co.uk/,47.3%
E14000667,Don Valley,Anglian Water,ANH,regional water and sewerage company,,https://www.stwater.co.uk/,2.1%
E14000668,Doncaster Central,Yorkshire Water,YKY,regional water and sewerage company,,https://www.stwater.co.uk/,86.6%
E14000668,Doncaster Central,Severn Trent Water,SVE,regional water and sewerage company,,https://www.thameswater.co.uk/,13.4%
E14000669,Doncaster North,Yorkshire Water,YKY,regional water and sewerage company,,https://www.stwater.co.uk/,100.0%
E14000669,Doncaster North,Severn Trent Water,SVE,regional water and sewerage company,,https://www.thameswater.co.uk/,0.0%
E14000670,Dover,Southern Water,SRN,regional water and sewerage company,,https://www.stwater.co.uk/,100.0%
E14000671,Dudley North,Severn Trent Water,SVE,regional water and sewerage company,,https://www.thameswater.co.uk/,100.0%
E14000672,Dudley South,Severn Trent Water,SVE,regional water and sewerage company,,https://www.thameswater.co.uk/,100.0%
E14000673,Dulwich and West Norwood,Thames Water,TMS,regional water and sewerage company,,https://www.unitedutilities.com/,100.0%
E14000674,Ealing Central and Acton,Thames Water,TMS,regional water and sewerage company,,https://www.unitedutilities.com/,100.0%
E14000675,Ealing North,Thames Water,TMS,regional water and sewerage company,,https://www.unitedutilities.com/,100.0%
E14000676,"Ealing, Southall",Thames Water,TMS,regional water and sewerage company,,https://www.unitedutilities.com/,100.0%
E14000677,Easington,Northumbrian Water,NES,regional water and sewerage company,,https://www.leeputilities.co.uk/water,100.0%
E14000678,East Devon,South West Water,SWB,regional water and sewerage company,,https://www.unitedutilities.com/,100.0%
E14000679,East Ham,Thames Water,TMS,regional water and sewerage company,,https://www.unitedutilities.com/,100.0%
E14000680,East Hampshire,Thames Water,TMS,regional water and sewerage company,,https://www.unitedutilities.com/,72.9%
E14000680,East Hampshire,Southern Water,SRN,regional water and sewerage company,,https://www.stwater.co.uk/,27.1%
E14000681,East Surrey,Thames Water,TMS,regional water and sewerage company,,https://www.unitedutilities.com/,68.7%
E14000681,East Surrey,Southern Water,SRN,regional water and sewerage company,,https://www.stwater.co.uk/,31.3%
E14000682,East Worthing and Shoreham,Southern Water,SRN,regional water and sewerage company,,https://www.stwater.co.uk/,100.0%
E14000683,East Yorkshire,Yorkshire Water,YKY,regional water and sewerage company,,https://www.stwater.co.uk/,100.0%
E14000684,Eastbourne,Southern Water,SRN,regional water and sewerage company,,https://www.stwater.co.uk/,100.0%
E14000685,Eastleigh,Southern Water,SRN,regional water and sewerage company,,https://www.stwater.co.uk/,98.0%
E14000685,Eastleigh,Leep Networks (Water),SSE,small new entrant water/sewerage company (sometimes referred to as a NAV),,https://www.thameswater.co.uk/,1.5%
E14000685,Eastleigh,Icosa Water Services,ICO,small new entrant water/sewerage company (sometimes referred to as a NAV),,https://www.iwnl.co.uk/,0.6%
E14000686,Eddisbury,United Utilities,UUW,regional water and sewerage company,,https://www.stwater.co.uk/,86.1%
E14000686,Eddisbury,Dŵr Cymru,WSH,regional water and sewerage company,,https://www.icosawater.co.uk/,13.9%
E14000687,Edmonton,Thames Water,TMS,regional water and sewerage company,,https://www.unitedutilities.com/,100.0%
E14000688,Ellesmere Port and Neston,United Utilities,UUW,regional water and sewerage company,,https://www.stwater.co.uk/,79.9%
E14000688,Ellesmere Port and Neston,Dŵr Cymru,WSH,regional water and sewerage company,,https://www.icosawater.co.uk/,20.1%
E14000689,Elmet and Rothwell,Yorkshire Water,YKY,regional water and sewerage company,,https://www.stwater.co.uk/,100.0%
E14000690,Eltham,Thames Water,TMS,regional water and sewerage company,,https://www.unitedutilities.com/,100.0%
E14000691,Enfield North,Thames Water,TMS,regional water and sewerage company,,https://www.unitedutilities.com/,100.0%
E14000692,"Enfield, Southgate",Thames Water,TMS,regional water and sewerage company,,https://www.unitedutilities.com/,100.0%
E14000693,Epping Forest,Thames Water,TMS,regional water and sewerage company,,https://www.unitedutilities.com/,100.0%
E14000694,Epsom and Ewell,Thames Water,TMS,regional water and sewerage company,,https://www.unitedutilities.com/,99.4%
E14000694,Epsom and Ewell,Leep Networks (Water),SSE,small new entrant water/sewerage company (sometimes referred to as a NAV),,https://www.thameswater.co.uk/,0.6%
E14000695,Erewash,Severn Trent Water,SVE,regional water and sewerage company,,https://www.thameswater.co.uk/,100.0%
E14000696,Erith and Thamesmead,Thames Water,TMS,regional water and sewerage company,,https://www.unitedutilities.com/,100.0%
E14000697,Esher and Walton,Thames Water,TMS,regional water and sewerage company,,https://www.unitedutilities.com/,100.0%
E14000698,Exeter,South West Water,SWB,regional water and sewerage company,,https://www.unitedutilities.com/,100.0%
E14000699,Fareham,Southern Water,SRN,regional water and sewerage company,,https://www.stwater.co.uk/,100.0%
E14000700,Faversham and Mid Kent,Southern Water,SRN,regional water and sewerage company,,https://www.stwater.co.uk/,96.8%
E14000700,Faversham and Mid Kent,Icosa Water Services,ICO,small new entrant water/sewerage company (sometimes referred to as a NAV),,https://www.iwnl.co.uk/,3.2%
E14000701,Feltham and Heston,Thames Water,TMS,regional water and sewerage company,,https://www.unitedutilities.com/,100.0%
E14000702,Filton and Bradley Stoke,Wessex Water,WSX,regional water and sewerage company,,https://www.southernwater.co.uk/,100.0%
E14000703,Finchley and Golders Green,Thames Water,TMS,regional water and sewerage company,,https://www.unitedutilities.com/,100.0%
E14000704,Folkestone and Hythe,Southern Water,SRN,regional water and sewerage company,,https://www.stwater.co.uk/,99.7%
E14000704,Folkestone and Hythe,Independent Water Networks,IWN,small new entrant water/sewerage company (sometimes referred to as a NAV),,https://www.unitedutilities.com/,0.3%
E14000705,Forest of Dean,Severn Trent Water,SVE,regional water and sewerage company,,https://www.thameswater.co.uk/,77.8%
E14000705,Forest of Dean,Dŵr Cymru,WSH,regional water and sewerage company,,https://www.icosawater.co.uk/,22.2%
E14000706,Fylde,United Utilities,UUW,regional water and sewerage company,,https://www.stwater.co.uk/,100.0%
E14000707,Gainsborough,Anglian Water,ANH,regional water and sewerage company,,https://www.stwater.co.uk/,65.6%
E14000707,Gainsborough,Severn Trent Water,SVE,regional water and sewerage company,,https://www.thameswater.co.uk/,34.4%
E14000708,Garston and Halewood,United Utilities,UUW,regional water and sewerage company,,https://www.stwater.co.uk/,99.8%
E14000708,Garston and Halewood,Leep Networks (Water),LEP,small new entrant water/sewerage company (sometimes referred to as a NAV),,https://www.thameswater.co.uk/,0.2%
E14000709,Gateshead,Northumbrian Water,NES,regional water and sewerage company,,https://www.leeputilities.co.uk/water,100.0%
E14000710,Gedling,Severn Trent Water,SVE,regional water and sewerage company,,https://www.thameswater.co.uk/,100.0%
E14000711,Gillingham and Rainham,Southern Water,SRN,regional water and sewerage company,,https://www.stwater.co.uk/,100.0%
E14000711,Gillingham and Rainham,Icosa Water Services,ICO,small new entrant water/sewerage company (sometimes referred to as a NAV),,https://www.iwnl.co.uk/,0.0%
E14000712,Gloucester,Severn Trent Water,SVE,regional water and sewerage company,,https://www.thameswater.co.uk/,100.0%
E14000713,Gosport,Southern Water,SRN,regional water and sewerage company,,https://www.stwater.co.uk/,100.0%
E14000714,Grantham and Stamford,Anglian Water,ANH,regional water and sewerage company,,https://www.stwater.co.uk/,99.6%
E14000714,Grantham and Stamford,Severn Trent Water,SVE,regional water and sewerage company,,https://www.thameswater.co.uk/,0.4%
E14000715,Gravesham,Southern Water,SRN,regional water and sewerage company,,https://www.stwater.co.uk/,98.6%
E14000715,Gravesham,Icosa Water Services,ICO,small new entrant water/sewerage company (sometimes referred to as a NAV),,https://www.iwnl.co.uk/,1.4%
E14000716,Great Grimsby,Anglian Water,ANH,regional water and sewerage company,,https://www.stwater.co.uk/,100.0%
E14000717,Great Yarmouth,Anglian Water,ANH,regional water and sewerage company,,https://www.stwater.co.uk/,100.0%
E14000718,Greenwich and Woolwich,Thames Water,TMS,regional water and sewerage company,,https://www.unitedutilities.com/,98.0%
E14000718,Greenwich and Woolwich,Leep Networks (Water),SSE,small new entrant water/sewerage company (sometimes referred to as a NAV),,https://www.thameswater.co.uk/,1.0%
E14000718,Greenwich and Woolwich,Independent Water Networks,IWN,small new entrant water/sewerage company (sometimes referred to as a NAV),,https://www.unitedutilities.com/,1.0%
E14000719,Guildford,Thames Water,TMS,regional water and sewerage company,,https://www.unitedutilities.com/,99.6%
E14000719,Guildford,Southern Water,SRN,regional water and sewerage company,,https://www.stwater.co.uk/,0.4%
E14000720,Hackney North and Stoke Newington,Thames Water,TMS,regional water and sewerage company,,https://www.unitedutilities.com/,100.0%
E14000721,Hackney South and Shoreditch,Thames Water,TMS,regional water and sewerage company,,https://www.unitedutilities.com/,100.0%
E14000722,Halesowen and Rowley Regis,Severn Trent Water,SVE,regional water and sewerage company,,https://www.thameswater.co.uk/,100.0%
E14000723,Halifax,Yorkshire Water,YKY,regional water and sewerage company,,https://www.stwater.co.uk/,100.0%
E14000724,Haltemprice and Howden,Yorkshire Water,YKY,regional water and sewerage company,,https://www.stwater.co.uk/,100.0%
E14000725,Halton,United Utilities,UUW,regional water and sewerage company,,https://www.stwater.co.uk/,99.7%
E14000725,Halton,Icosa Water Services,ICO,small new entrant water/sewerage company (sometimes referred to as a NAV),,https://www.iwnl.co.uk/,0.3%
E14000726,Hammersmith,Thames Water,TMS,regional water and sewerage company,,https://www.unitedutilities.com/,99.4%
E14000726,Hammersmith,Leep Networks (Water),SSE,small new entrant water/sewerage company (sometimes referred to as a NAV),,https://www.thameswater.co.uk/,0.6%
E14000727,Hampstead and Kilburn,Thames Water,TMS,regional water and sewerage company,,https://www.unitedutilities.com/,100.0%
E14000728,Harborough,Severn Trent Water,SVE,regional water and sewerage company,,https://www.thameswater.co.uk/,62.2%
E14000728,Harborough,Anglian Water,ANH,regional water and sewerage company,,https://www.stwater.co.uk/,36.7%
E14000728,Harborough,Leep Networks (Water),SSE,small new entrant water/sewerage company (sometimes referred to as a NAV),,https://www.thameswater.co.uk/,1.1%
E14000729,Harlow,Thames Water,TMS,regional water and sewerage company,,https://www.unitedutilities.com/,100.0%
E14000730,Harrogate and Knaresborough,Yorkshire Water,YKY,regional water and sewerage company,,https://www.stwater.co.uk/,100.0%
E14000731,Harrow East,Thames Water,TMS,regional water and sewerage company,,https://www.unitedutilities.com/,100.0%
E14000732,Harrow West,Thames Water,TMS,regional water and sewerage company,,https://www.unitedutilities.com/,100.0%
E14000733,Hartlepool,Northumbrian Water,NES,regional water and sewerage company,,https://www.leeputilities.co.uk/water,100.0%
E14000734,Harwich and North Essex,Anglian Water,ANH,regional water and sewerage company,,https://www.stwater.co.uk/,100.0%
E14000735,Hastings and Rye,Southern Water,SRN,regional water and sewerage company,,https://www.stwater.co.uk/,100.0%
E14000736,Havant,Southern Water,SRN,regional water and sewerage company,,https://www.stwater.co.uk/,99.5%
E14000736,Havant,Leep Networks (Water),SSE,small new entrant water/sewerage company (sometimes referred to as a NAV),,https://www.thameswater.co.uk/,0.5%
E14000736,Havant,Icosa Water Services,ICO,small new entrant water/sewerage company (sometimes referred to as a NAV),,https://www.iwnl.co.uk/,0.0%
E14000737,Hayes and Harlington,Thames Water,TMS,regional water and sewerage company,,https://www.unitedutilities.com/,100.0%
E14000738,Hazel Grove,United Utilities,UUW,regional water and sewerage company,,https://www.stwater.co.uk/,100.0%
E14000739,Hemel Hempstead,Thames Water,TMS,regional water and sewerage company,,https://www.unitedutilities.com/,100.0%
E14000740,Hemsworth,Yorkshire Water,YKY,regional water and sewerage company,,https://www.stwater.co.uk/,100.0%
E14000741,Hendon,Thames Water,TMS,regional water and sewerage company,,https://www.unitedutilities.com/,100.0%
E14000742,Henley,Thames Water,TMS,regional water and sewerage company,,https://www.unitedutilities.com/,100.0%
E14000743,Hereford and South Herefordshire,Dŵr Cymru,WSH,regional water and sewerage company,,https://www.icosawater.co.uk/,98.9%
E14000743,Hereford and South Herefordshire,Severn Trent Water,SVE,regional water and sewerage company,,https://www.thameswater.co.uk/,1.1%
E14000744,Hertford and Stortford,Thames Water,TMS,regional water and sewerage company,,https://www.unitedutilities.com/,98.4%
E14000744,Hertford and Stortford,Independent Water Networks,IWN,small new entrant water/sewerage company (sometimes referred to as a NAV),,https://www.unitedutilities.com/,1.6%
E14000745,Hertsmere,Thames Water,TMS,regional water and sewerage company,,https://www.unitedutilities.com/,100.0%
E14000746,Hexham,Northumbrian Water,NES,regional water and sewerage company,,https://www.leeputilities.co.uk/water,99.5%
E14000746,Hexham,United Utilities,UUW,regional water and sewerage company,,https://www.stwater.co.uk/,0.5%
E14000747,Heywood and Middleton,United Utilities,UUW,regional water and sewerage company,,https://www.stwater.co.uk/,100.0%
E14000748,High Peak,United Utilities,UUW,regional water and sewerage company,,https://www.stwater.co.uk/,67.2%
E14000748,High Peak,Severn Trent Water,SVE,regional water and sewerage company,,https://www.thameswater.co.uk/,32.7%
E14000748,High Peak,Icosa Water Services,ICO,small new entrant water/sewerage company (sometimes referred to as a NAV),,https://www.iwnl.co.uk/,0.1%
E14000749,Hitchin and Harpenden,Thames Water,TMS,regional water and sewerage company,,https://www.unitedutilities.com/,56.9%
E14000749,Hitchin and Harpenden,Anglian Water,ANH,regional water and sewerage company,,https://www.stwater.co.uk/,43.1%
E14000749,Hitchin and Harpenden,Icosa Water Services,ICO,small new entrant water/sewerage company (sometimes referred to as a NAV),,https://www.iwnl.co.uk/,0.0%
E14000750,Holborn and St Pancras,Thames Water,TMS,regional water and sewerage company,,https://www.unitedutilities.com/,97.5%
E14000750,Holborn and St Pancras,Independent Water Networks,IWN,small new entrant water/sewerage company (sometimes referred to as a NAV),,https://www.unitedutilities.com/,2.5%
E14000751,Hornchurch and Upminster,Thames Water,TMS,regional water and sewerage company,,https://www.unitedutilities.com/,86.0%
E14000751,Hornchurch and Upminster,Anglian Water,ANH,regional water and sewerage company,,https://www.stwater.co.uk/,14.0%
E14000752,Hornsey and Wood Green,Thames Water,TMS,regional water and sewerage company,,https://www.unitedutilities.com/,100.0%
E14000753,Horsham,Southern Water,SRN,regional water and sewerage company,,https://www.stwater.co.uk/,88.1%
E14000753,Horsham,Thames Water,TMS,regional water and sewerage company,,https://www.unitedutilities.com/,10.2%
E14000753,Horsham,Leep Networks (Water),SSE,small new entrant water/sewerage company (sometimes referred to as a NAV),,https://www.thameswater.co.uk/,1.0%
E14000753,Horsham,Icosa Water Services,ICO,small new entrant water/sewerage company (sometimes referred to as a NAV),,https://www.iwnl.co.uk/,0.7%
E14000754,Houghton and Sunderland South,Northumbrian Water,NES,regional water and sewerage company,,https://www.leeputilities.co.uk/water,100.0%
E14000755,Hove,Southern Water,SRN,regional water and sewerage company,,https://www.stwater.co.uk/,100.0%
E14000756,Huddersfield,Yorkshire Water,YKY,regional water and sewerage company,,https://www.stwater.co.uk/,100.0%
E14000757,Huntingdon,Anglian Water,ANH,regional water and sewerage company,,https://www.stwater.co.uk/,100.0%
E14000758,Hyndburn,United Utilities,UUW,regional water and sewerage company,,https://www.stwater.co.uk/,100.0%
E14000759,Ilford North,Thames Water,TMS,regional water and sewerage company,,https://www.unitedutilities.com/,99.1%
E14000759,Ilford North,Albion Water,ALB,small new entrant water/sewerage company (sometimes referred to as a NAV),,https://www.southernwater.co.uk/,0.9%
E14000760,Ilford South,Thames Water,TMS,regional water and sewerage company,,https://www.unitedutilities.com/,100.0%
E14000761,Ipswich,Anglian Water,ANH,regional water and sewerage company,,https://www.stwater.co.uk/,100.0%
E14000762,Isle of Wight,Southern Water,SRN,regional water and sewerage company,,https://www.stwater.co.uk/,99.9%
E14000762,Isle of Wight,Icosa Water Services,ICO,small new entrant water/sewerage company (sometimes referred to as a NAV),,https://www.iwnl.co.uk/,0.1%
E14000763,Islington North,Thames Water,TMS,regional water and sewerage company,,https://www.unitedutilities.com/,100.0%
E14000764,Islington South and Finsbury,Thames Water,TMS,regional water and sewerage company,,https://www.unitedutilities.com/,100.0%
E14000765,Jarrow,Northumbrian Water,NES,regional water and sewerage company,,https://www.leeputilities.co.uk/water,100.0%
E14000766,Keighley,Yorkshire Water,YKY,regional water and sewerage company,,https://www.stwater.co.uk/,100.0%
E14000767,Kenilworth and Southam,Severn Trent Water,SVE,regional water and sewerage company,,https://www.thameswater.co.uk/,98.0%
E14000767,Kenilworth and Southam,Thames Water,TMS,regional water and sewerage company,,https://www.unitedutilities.com/,2.0%
E14000768,Kensington,Thames Water,TMS,regional water and sewerage company,,https://www.unitedutilities.com/,100.0%
E14000769,Kettering,Anglian Water,ANH,regional water and sewerage company,,https://www.stwater.co.uk/,100.0%
E14000770,Kingston and Surbiton,Thames Water,TMS,regional water and sewerage company,,https://www.unitedutilities.com/,100.0%
E14000771,Kingston upon Hull East,Yorkshire Water,YKY,regional water and sewerage company,,https://www.stwater.co.uk/,100.0%
E14000772,Kingston upon Hull North,Yorkshire Water,YKY,regional water and sewerage company,,https://www.stwater.co.uk/,100.0%
E14000773,Kingston upon Hull West and Hessle,Yorkshire Water,YKY,regional water and sewerage company,,https://www.stwater.co.uk/,100.0%
E14000774,Kingswood,Wessex Water,WSX,regional water and sewerage company,,https://www.southernwater.co.uk/,98.0%
E14000774,Kingswood,Leep Networks (Water),SSE,small new entrant water/sewerage company (sometimes referred to as a NAV),,https://www.thameswater.co.uk/,2.0%
E14000775,Knowsley,United Utilities,UUW,regional water and sewerage company,,https://www.stwater.co.uk/,100.0%
E14000776,Lancaster and Fleetwood,United Utilities,UUW,regional water and sewerage company,,https://www.stwater.co.uk/,100.0%
E14000777,Leeds Central,Yorkshire Water,YKY,regional water and sewerage company,,https://www.stwater.co.uk/,100.0%
E14000778,Leeds East,Yorkshire Water,YKY,regional water and sewerage company,,https://www.stwater.co.uk/,100.0%
E14000779,Leeds North East,Yorkshire Water,YKY,regional water and sewerage company,,https://www.stwater.co.uk/,100.0%
E14000780,Leeds North West,Yorkshire Water,YKY,regional water and sewerage company,,https://www.stwater.co.uk/,100.0%
E14000781,Leeds West,Yorkshire Water,YKY,regional water and sewerage company,,https://www.stwater.co.uk/,100.0%
E14000782,Leicester East,Severn Trent Water,SVE,regional water and sewerage company,,https://www.thameswater.co.uk/,100.0%
E14000783,Leicester South,Severn Trent Water,SVE,regional water and sewerage company,,https://www.thameswater.co.uk/,100.0%
E14000784,Leicester West,Severn Trent Water,SVE,regional water and sewerage company,,https://www.thameswater.co.uk/,100.0%
E14000785,Leigh,United Utilities,UUW,regional water and sewerage company,,https://www.stwater.co.uk/,100.0%
E14000786,Lewes,Southern Water,SRN,regional water and sewerage company,,https://www.stwater.co.uk/,99.5%
E14000786,Lewes,Icosa Water Services,ICO,small new entrant water/sewerage company (sometimes referred to as a NAV),,https://www.iwnl.co.uk/,0.5%
E14000787,Lewisham East,Thames Water,TMS,regional water and sewerage company,,https://www.unitedutilities.com/,100.0%
E14000788,Lewisham West and Penge,Thames Water,TMS,regional water and sewerage company,,https://www.unitedutilities.com/,100.0%
E14000789,"Lewisham, Deptford",Thames Water,TMS,regional water and sewerage company,,https://www.unitedutilities.com/,99.1%
E14000789,"Lewisham, Deptford",Leep Networks (Water),SSE,small new entrant water/sewerage company (sometimes referred to as a NAV),,https://www.thameswater.co.uk/,0.9%
E14000790,Leyton and Wanstead,Thames Water,TMS,regional water and sewerage company,,https://www.unitedutilities.com/,100.0%
E14000791,Lichfield,Severn Trent Water,SVE,regional water and sewerage company,,https://www.thameswater.co.uk/,100.0%
E14000792,Lincoln,Anglian Water,ANH,regional water and sewerage company,,https://www.stwater.co.uk/,100.0%
E14000792,Lincoln,Icosa Water Services,ICO,small new entrant water/sewerage company (sometimes referred to as a NAV),,https://www.iwnl.co.uk/,0.0%
E14000793,"Liverpool, Riverside",United Utilities,UUW,regional water and sewerage company,,https://www.stwater.co.uk/,100.0%
E14000794,"Liverpool, Walton",United Utilities,UUW,regional water and sewerage company,,https://www.stwater.co.uk/,100.0%
E14000795,"Liverpool, Wavertree",United Utilities,UUW,regional water and sewerage company,,https://www.stwater.co.uk/,100.0%
E14000796,"Liverpool, West Derby",United Utilities,UUW,regional water and sewerage company,,https://www.stwater.co.uk/,100.0%
E14000797,Loughborough,Severn Trent Water,SVE,regional water and sewerage company,,https://www.thameswater.co.uk/,100.0%
E14000798,Louth and Horncastle,Anglian Water,ANH,regional water and sewerage company,,https://www.stwater.co.uk/,100.0%
E14000799,Ludlow,Severn Trent Water,SVE,regional water and sewerage company,,https://www.thameswater.co.uk/,100.0%
E14000800,Luton North,Thames Water,TMS,regional water and sewerage company,,https://www.unitedutilities.com/,99.0%
E14000800,Luton North,Anglian Water,ANH,regional water and sewerage company,,https://www.stwater.co.uk/,1.0%
E14000801,Luton South,Thames Water,TMS,regional water and sewerage company,,https://www.unitedutilities.com/,100.0%
E14000802,Macclesfield,United Utilities,UUW,regional water and sewerage company,,https://www.stwater.co.uk/,100.0%
E14000803,Maidenhead,Thames Water,TMS,regional water and sewerage company,,https://www.unitedutilities.com/,100.0%
E14000804,Maidstone and The Weald,Southern Water,SRN,regional water and sewerage company,,https://www.stwater.co.uk/,98.8%
E14000804,Maidstone and The Weald,Icosa Water Services,ICO,small new entrant water/sewerage company (sometimes referred to as a NAV),,https://www.iwnl.co.uk/,1.2%
E14000805,Makerfield,United Utilities,UUW,regional water and sewerage company,,https://www.stwater.co.uk/,100.0%
E14000806,Maldon,Anglian Water,ANH,regional water and sewerage company,,https://www.stwater.co.uk/,99.3%
E14000806,Maldon,Independent Water Networks,IWN,small new entrant water/sewerage company (sometimes referred to as a NAV),,https://www.unitedutilities.com/,0.7%
E14000807,Manchester Central,United Utilities,UUW,regional water and sewerage company,,https://www.stwater.co.uk/,100.0%
E14000808,"Manchester, Gorton",United Utilities,UUW,regional water and sewerage company,,https://www.stwater.co.uk/,100.0%
E14000809,"Manchester, Withington",United Utilities,UUW,regional water and sewerage company,,https://www.stwater.co.uk/,100.0%
E14000810,Mansfield,Severn Trent Water,SVE,regional water and sewerage company,,https://www.thameswater.co.uk/,100.0%
E14000811,Meon Valley,Southern Water,SRN,regional water and sewerage company,,https://www.stwater.co.uk/,96.6%
E14000811,Meon Valley,Leep Networks (Water),SSE,small new entrant water/sewerage company (sometimes referred to as a NAV),,https://www.thameswater.co.uk/,1.8%
E14000811,Meon Valley,Albion Water,ALB,small new entrant water/sewerage company (sometimes referred to as a NAV),,https://www.southernwater.co.uk/,1.6%
E14000812,Meriden,Severn Trent Water,SVE,regional water and sewerage company,,https://www.thameswater.co.uk/,99.6%
E14000812,Meriden,Independent Water Networks,IWN,small new entrant water/sewerage company (sometimes referred to as a NAV),,https://www.unitedutilities.com/,0.4%
E14000813,Mid Bedfordshire,Anglian Water,ANH,regional water and sewerage company,,https://www.stwater.co.uk/,98.4%
E14000813,Mid Bedfordshire,Thames Water,TMS,regional water and sewerage company,,https://www.unitedutilities.com/,1.6%
E14000814,Mid Derbyshire,Severn Trent Water,SVE,regional water and sewerage company,,https://www.thameswater.co.uk/,100.0%
E14000815,Mid Dorset and North Poole,Wessex Water,WSX,regional water and sewerage company,,https://www.southernwater.co.uk/,100.0%
E14000816,Mid Norfolk,Anglian Water,ANH,regional water and sewerage company,,https://www.stwater.co.uk/,99.4%
E14000816,Mid Norfolk,Leep Networks (Water),SSE,small new entrant water/sewerage company (sometimes referred to as a NAV),,https://www.thameswater.co.uk/,0.6%
E14000817,Mid Sussex,Southern Water,SRN,regional water and sewerage company,,https://www.stwater.co.uk/,99.9%
E14000817,Mid Sussex,Icosa Water Services,ICO,small new entrant water/sewerage company (sometimes referred to as a NAV),,https://www.iwnl.co.uk/,0.1%
E14000818,Mid Worcestershire,Severn Trent Water,SVE,regional water and sewerage company,,https://www.thameswater.co.uk/,100.0%
E14000819,Middlesbrough,Northumbrian Water,NES,regional water and sewerage company,,https://www.leeputilities.co.uk/water,100.0%
E14000820,Middlesbrough South and East Cleveland,Northumbrian Water,NES,regional water and sewerage company,,https://www.leeputilities.co.uk/water,99.7%
E14000820,Middlesbrough South and East Cleveland,Yorkshire Water,YKY,regional water and sewerage company,,https://www.stwater.co.uk/,0.3%
E14000821,Milton Keynes North,Anglian Water,ANH,regional water and sewerage company,,https://www.stwater.co.uk/,100.0%
E14000822,Milton Keynes South,Anglian Water,ANH,regional water and sewerage company,,https://www.stwater.co.uk/,100.0%
E14000823,Mitcham and Morden,Thames Water,TMS,regional water and sewerage company,,https://www.unitedutilities.com/,100.0%
E14000824,Mole Valley,Thames Water,TMS,regional water and sewerage company,,https://www.unitedutilities.com/,97.4%
E14000824,Mole Valley,Southern Water,SRN,regional water and sewerage company,,https://www.stwater.co.uk/,2.6%
E14000825,Morecambe and Lunesdale,United Utilities,UUW,regional water and sewerage company,,https://www.stwater.co.uk/,100.0%
E14000826,Morley and Outwood,Yorkshire Water,YKY,regional water and sewerage company,,https://www.stwater.co.uk/,100.0%
E14000827,New Forest East,Southern Water,SRN,regional water and sewerage company,,https://www.stwater.co.uk/,99.8%
E14000827,New Forest East,Wessex Water,WSX,regional water and sewerage company,,https://www.southernwater.co.uk/,0.2%
E14000828,New Forest West,Southern Water,SRN,regional water and sewerage company,,https://www.stwater.co.uk/,62.9%
E14000828,New Forest West,Wessex Water,WSX,regional water and sewerage company,,https://www.southernwater.co.uk/,37.1%
E14000829,Newark,Severn Trent Water,SVE,regional water and sewerage company,,https://www.thameswater.co.uk/,97.4%
E14000829,Newark,Anglian Water,ANH,regional water and sewerage company,,https://www.stwater.co.uk/,2.6%
E14000830,Newbury,Thames Water,TMS,regional water and sewerage company,,https://www.unitedutilities.com/,100.0%
E14000830,Newbury,Southern Water,SRN,regional water and sewerage company,,https://www.stwater.co.uk/,0.0%
E14000831,Newcastle upon Tyne Central,Northumbrian Water,NES,regional water and sewerage company,,https://www.leeputilities.co.uk/water,100.0%
E14000832,Newcastle upon Tyne East,Northumbrian Water,NES,regional water and sewerage company,,https://www.leeputilities.co.uk/water,100.0%
E14000833,Newcastle upon Tyne North,Northumbrian Water,NES,regional water and sewerage company,,https://www.leeputilities.co.uk/water,100.0%
E14000834,Newcastle-under-Lyme,Severn Trent Water,SVE,regional water and sewerage company,,https://www.thameswater.co.uk/,89.3%
E14000834,Newcastle-under-Lyme,United Utilities,UUW,regional water and sewerage company,,https://www.stwater.co.uk/,10.7%
E14000835,Newton Abbot,South West Water,SWB,regional water and sewerage company,,https://www.unitedutilities.com/,100.0%
E14000836,"Normanton, Pontefract and Castleford",Yorkshire Water,YKY,regional water and sewerage company,,https://www.stwater.co.uk/,100.0%
E14000837,North Cornwall,South West Water,SWB,regional water and sewerage company,,https://www.unitedutilities.com/,100.0%
E14000837,North Cornwall,Icosa Water Services,ICO,small new entrant water/sewerage company (sometimes referred to as a NAV),,https://www.iwnl.co.uk/,0.0%
E14000838,North Devon,South West Water,SWB,regional water and sewerage company,,https://www.unitedutilities.com/,100.0%
E14000838,North Devon,Wessex Water,WSX,regional water and sewerage company,,https://www.southernwater.co.uk/,0.0%
E14000839,North Dorset,Wessex Water,WSX,regional water and sewerage company,,https://www.southernwater.co.uk/,100.0%
E14000839,North Dorset,Wessex Water,WSX,regional water and sewerage company,,https://www.southernwater.co.uk/,0.0%
E14000840,North Durham,Northumbrian Water,NES,regional water and sewerage company,,https://www.leeputilities.co.uk/water,100.0%
E14000841,North East Bedfordshire,Anglian Water,ANH,regional water and sewerage company,,https://www.stwater.co.uk/,100.0%
E14000842,North East Cambridgeshire,Anglian Water,ANH,regional water and sewerage company,,https://www.stwater.co.uk/,100.0%
E14000843,North East Derbyshire,Yorkshire Water,YKY,regional water and sewerage company,,https://www.stwater.co.uk/,93.8%
E14000843,North East Derbyshire,Severn Trent Water,SVE,regional water and sewerage company,,https://www.thameswater.co.uk/,5.7%
E14000843,North East Derbyshire,Icosa Water Services,ICO,small new entrant water/sewerage company (sometimes referred to as a NAV),,https://www.iwnl.co.uk/,0.5%
E14000844,North East Hampshire,Thames Water,TMS,regional water and sewerage company,,https://www.unitedutilities.com/,98.4%
E14000844,North East Hampshire,Southern Water,SRN,regional water and sewerage company,,https://www.stwater.co.uk/,1.6%
E14000845,North East Hertfordshire,Anglian Water,ANH,regional water and sewerage company,,https://www.stwater.co.uk/,65.8%
E14000845,North East Hertfordshire,Thames Water,TMS,regional water and sewerage company,,https://www.unitedutilities.com/,34.2%
E14000846,North East Somerset,Wessex Water,WSX,regional water and sewerage company,,https://www.southernwater.co.uk/,100.0%
E14000847,North Herefordshire,Dŵr Cymru,WSH,regional water and sewerage company,,https://www.icosawater.co.uk/,72.3%
E14000847,North Herefordshire,Severn Trent Water,SVE,regional water and sewerage company,,https://www.thameswater.co.uk/,27.7%
E14000848,North Norfolk,Anglian Water,ANH,regional water and sewerage company,,https://www.stwater.co.uk/,100.0%
E14000849,North Shropshire,Severn Trent Water,SVE,regional water and sewerage company,,https://www.thameswater.co.uk/,78.4%
E14000849,North Shropshire,Dŵr Cymru,WSH,regional water and sewerage company,,https://www.icosawater.co.uk/,16.4%
E14000849,North Shropshire,United Utilities,UUW,regional water and sewerage company,,https://www.stwater.co.uk/,4.9%
E14000849,North Shropshire,Icosa Water Services,ICO,small new entrant water/sewerage company (sometimes referred to as a NAV),,https://www.iwnl.co.uk/,0.3%
E14000850,North Somerset,Wessex Water,WSX,regional water and sewerage company,,https://www.southernwater.co.uk/,100.0%
E14000851,North Swindon,Thames Water,TMS,regional water and sewerage company,,https://www.unitedutilities.com/,100.0%
E14000852,North Thanet,Southern Water,SRN,regional water and sewerage company,,https://www.stwater.co.uk/,100.0%
E14000853,North Tyneside,Northumbrian Water,NES,regional water and sewerage company,,https://www.leeputilities.co.uk/water,100.0%
E14000854,North Warwickshire,Severn Trent Water,SVE,regional water and sewerage company,,https://www.thameswater.co.uk/,100.0%
E14000855,North West Cambridgeshire,Anglian Water,ANH,regional water and sewerage company,,https://www.stwater.co.uk/,100.0%
E14000856,North West Durham,Northumbrian Water,NES,regional water and sewerage company,,https://www.leeputilities.co.uk/water,100.0%
E14000857,North West Hampshire,Southern Water,SRN,regional water and sewerage company,,https://www.stwater.co.uk/,77.1%
E14000857,North West Hampshire,Thames Water,TMS,regional water and sewerage company,,https://www.unitedutilities.com/,22.9%
E14000857,North West Hampshire,Wessex Water,WSX,regional water and sewerage company,,https://www.southernwater.co.uk/,0.0%
E14000858,North West Leicestershire,Severn Trent Water,SVE,regional water and sewerage company,,https://www.thameswater.co.uk/,100.0%
E14000859,North West Norfolk,Anglian Water,ANH,regional water and sewerage company,,https://www.stwater.co.uk/,100.0%
E14000860,North Wiltshire,Wessex Water,WSX,regional water and sewerage company,,https://www.southernwater.co.uk/,84.0%
E14000860,North Wiltshire,Thames Water,TMS,regional water and sewerage company,,https://www.unitedutilities.com/,16.0%
E14000861,Northampton North,Anglian Water,ANH,regional water and sewerage company,,https://www.stwater.co.uk/,100.0%
E14000862,Northampton South,Anglian Water,ANH,regional water and sewerage company,,https://www.stwater.co.uk/,100.0%
E14000863,Norwich North,Anglian Water,ANH,regional water and sewerage company,,https://www.stwater.co.uk/,100.0%
E14000864,Norwich South,Anglian Water,ANH,regional water and sewerage company,,https://www.stwater.co.uk/,100.0%
E14000865,Nottingham East,Severn Trent Water,SVE,regional water and sewerage company,,https://www.thameswater.co.uk/,100.0%
E14000866,Nottingham North,Severn Trent Water,SVE,regional water and sewerage company,,https://www.thameswater.co.uk/,100.0%
E14000867,Nottingham South,Severn Trent Water,SVE,regional water and sewerage company,,https://www.thameswater.co.uk/,100.0%
E14000868,Nuneaton,Severn Trent Water,SVE,regional water and sewerage company,,https://www.thameswater.co.uk/,100.0%
E14000869,Old Bexley and Sidcup,Thames Water,TMS,regional water and sewerage company,,https://www.unitedutilities.com/,100.0%
E14000870,Oldham East and Saddleworth,United Utilities,UUW,regional water and sewerage company,,https://www.stwater.co.uk/,100.0%
E14000871,Oldham West and Royton,United Utilities,UUW,regional water and sewerage company,,https://www.stwater.co.uk/,100.0%
E14000872,Orpington,Thames Water,TMS,regional water and sewerage company,,https://www.unitedutilities.com/,100.0%
E14000873,Oxford East,Thames Water,TMS,regional water and sewerage company,,https://www.unitedutilities.com/,100.0%
E14000874,Oxford West and Abingdon,Thames Water,TMS,regional water and sewerage company,,https://www.unitedutilities.com/,100.0%
E14000875,Pendle,United Utilities,UUW,regional water and sewerage company,,https://www.stwater.co.uk/,91.2%
E14000875,Pendle,Yorkshire Water,YKY,regional water and sewerage company,,https://www.stwater.co.uk/,8.8%
E14000876,Penistone and Stocksbridge,Yorkshire Water,YKY,regional water and sewerage company,,https://www.stwater.co.uk/,100.0%
E14000876,Penistone and Stocksbridge,Severn Trent Water,SVE,regional water and sewerage company,,https://www.thameswater.co.uk/,0.0%
E14000877,Penrith and The Border,United Utilities,UUW,regional water and sewerage company,,https://www.stwater.co.uk/,96.9%
E14000877,Penrith and The Border,Northumbrian Water,NES,regional water and sewerage company,,https://www.leeputilities.co.uk/water,3.1%
E14000878,Peterborough,Anglian Water,ANH,regional water and sewerage company,,https://www.stwater.co.uk/,100.0%
E14000879,"Plymouth, Moor View",South West Water,SWB,regional water and sewerage company,,https://www.unitedutilities.com/,100.0%
E14000880,"Plymouth, Sutton and Devonport",South West Water,SWB,regional water and sewerage company,,https://www.unitedutilities.com/,100.0%
E14000881,Poole,Wessex Water,WSX,regional water and sewerage company,,https://www.southernwater.co.uk/,100.0%
E14000882,Poplar and Limehouse,Thames Water,TMS,regional water and sewerage company,,https://www.unitedutilities.com/,99.0%
E14000882,Poplar and Limehouse,Leep Networks (Water),SSE,small new entrant water/sewerage company (sometimes referred to as a NAV),,https://www.thameswater.co.uk/,1.0%
E14000883,Portsmouth North,Southern Water,SRN,regional water and sewerage company,,https://www.stwater.co.uk/,100.0%
E14000884,Portsmouth South,Southern Water,SRN,regional water and sewerage company,,https://www.stwater.co.uk/,100.0%
E14000885,Preston,United Utilities,UUW,regional water and sewerage company,,https://www.stwater.co.uk/,100.0%
E14000886,Pudsey,Yorkshire Water,YKY,regional water and sewerage company,,https://www.stwater.co.uk/,100.0%
E14000887,Putney,Thames Water,TMS,regional water and sewerage company,,https://www.unitedutilities.com/,100.0%
E14000888,Rayleigh and Wickford,Anglian Water,ANH,regional water and sewerage company,,https://www.stwater.co.uk/,99.7%
E14000888,Rayleigh and Wickford,Independent Water Networks,IWN,small new entrant water/sewerage company (sometimes referred to as a NAV),,https://www.unitedutilities.com/,0.3%
E14000889,Reading East,Thames Water,TMS,regional water and sewerage company,,https://www.unitedutilities.com/,100.0%
E14000890,Reading West,Thames Water,TMS,regional water and sewerage company,,https://www.unitedutilities.com/,98.1%
E14000890,Reading West,Leep Networks (Water),SSE,small new entrant water/sewerage company (sometimes referred to as a NAV),,https://www.thameswater.co.uk/,1.9%
E14000891,Redcar,Northumbrian Water,NES,regional water and sewerage company,,https://www.leeputilities.co.uk/water,100.0%
E14000892,Redditch,Severn Trent Water,SVE,regional water and sewerage company,,https://www.thameswater.co.uk/,100.0%
E14000893,Reigate,Thames Water,TMS,regional water and sewerage company,,https://www.unitedutilities.com/,100.0%
E14000894,Ribble Valley,United Utilities,UUW,regional water and sewerage company,,https://www.stwater.co.uk/,100.0%
E14000895,Richmond (Yorks),Yorkshire Water,YKY,regional water and sewerage company,,https://www.stwater.co.uk/,80.3%
E14000895,Richmond (Yorks),Northumbrian Water,NES,regional water and sewerage company,,https://www.leeputilities.co.uk/water,19.7%
E14000896,Richmond Park,Thames Water,TMS,regional water and sewerage company,,https://www.unitedutilities.com/,100.0%
E14000897,Rochdale,United Utilities,UUW,regional water and sewerage company,,https://www.stwater.co.uk/,99.9%
E14000897,Rochdale,Yorkshire Water,YKY,regional water and sewerage company,,https://www.stwater.co.uk/,0.1%
E14000898,Rochester and Strood,Southern Water,SRN,regional water and sewerage company,,https://www.stwater.co.uk/,99.6%
E14000898,Rochester and Strood,Leep Networks (Water),LEP,small new entrant water/sewerage company (sometimes referred to as a NAV),,https://www.thameswater.co.uk/,0.4%
E14000899,Rochford and Southend East,Anglian Water,ANH,regional water and sewerage company,,https://www.stwater.co.uk/,100.0%
E14000900,Romford,Thames Water,TMS,regional water and sewerage company,,https://www.unitedutilities.com/,100.0%
E14000901,Romsey and Southampton North,Southern Water,SRN,regional water and sewerage company,,https://www.stwater.co.uk/,97.4%
E14000901,Romsey and Southampton North,Leep Networks (Water),SSE,small new entrant water/sewerage company (sometimes referred to as a NAV),,https://www.thameswater.co.uk/,1.8%
E14000901,Romsey and Southampton North,Icosa Water Services,ICO,small new entrant water/sewerage company (sometimes referred to as a NAV),,https://www.iwnl.co.uk/,0.7%
E14000902,Rossendale and Darwen,United Utilities,UUW,regional water and sewerage company,,https://www.stwater.co.uk/,100.0%
E14000903,Rother Valley,Severn Trent Water,SVE,regional water and sewerage company,,https://www.thameswater.co.uk/,61.3%
E14000903,Rother Valley,Yorkshire Water,YKY,regional water and sewerage company,,https://www.stwater.co.uk/,38.7%
E14000904,Rotherham,Yorkshire Water,YKY,regional water and sewerage company,,https://www.stwater.co.uk/,100.0%
E14000905,Rugby,Severn Trent Water,SVE,regional water and sewerage company,,https://www.thameswater.co.uk/,100.0%
E14000906,"Ruislip, Northwood and Pinner",Thames Water,TMS,regional water and sewerage company,,https://www.unitedutilities.com/,100.0%
E14000907,Runnymede and Weybridge,Thames Water,TMS,regional water and sewerage company,,https://www.unitedutilities.com/,100.0%
E14000908,Rushcliffe,Severn Trent Water,SVE,regional water and sewerage company,,https://www.thameswater.co.uk/,100.0%
E14000909,Rutland and Melton,Severn Trent Water,SVE,regional water and sewerage company,,https://www.thameswater.co.uk/,59.8%
E14000909,Rutland and Melton,Anglian Water,ANH,regional water and sewerage company,,https://www.stwater.co.uk/,40.2%
E14000910,Saffron Walden,Anglian Water,ANH,regional water and sewerage company,,https://www.stwater.co.uk/,75.5%
E14000910,Saffron Walden,Thames Water,TMS,regional water and sewerage company,,https://www.unitedutilities.com/,24.5%
E14000911,Salford and Eccles,United Utilities,UUW,regional water and sewerage company,,https://www.stwater.co.uk/,98.6%
E14000911,Salford and Eccles,Leep Networks (Water),PWN,small new entrant water/sewerage company (sometimes referred to as a NAV),,https://www.thameswater.co.uk/,1.4%
E14000912,Salisbury,Wessex Water,WSX,regional water and sewerage company,,https://www.southernwater.co.uk/,91.1%
E14000912,Salisbury,Southern Water,SRN,regional water and sewerage company,,https://www.stwater.co.uk/,7.3%
E14000912,Salisbury,Leep Networks (Water),SSE,small new entrant water/sewerage company (sometimes referred to as a NAV),,https://www.thameswater.co.uk/,1.6%
E14000913,Scarborough and Whitby,Yorkshire Water,YKY,regional water and sewerage company,,https://www.stwater.co.uk/,100.0%
E14000914,Scunthorpe,Severn Trent Water,SVE,regional water and sewerage company,,https://www.thameswater.co.uk/,93.5%
E14000914,Scunthorpe,Anglian Water,ANH,regional water and sewerage company,,https://www.stwater.co.uk/,6.5%
E14000915,Sedgefield,Northumbrian Water,NES,regional water and sewerage company,,https://www.leeputilities.co.uk/water,100.0%
E14000916,Sefton Central,United Utilities,UUW,regional water and sewerage company,,https://www.stwater.co.uk/,100.0%
E14000917,Selby and Ainsty,Yorkshire Water,YKY,regional water and sewerage company,,https://www.stwater.co.uk/,100.0%
E14000918,Sevenoaks,Thames Water,TMS,regional water and sewerage company,,https://www.unitedutilities.com/,97.2%
E14000918,Sevenoaks,Southern Water,SRN,regional water and sewerage company,,https://www.stwater.co.uk/,2.8%
E14000919,Sheffield Central,Yorkshire Water,YKY,regional water and sewerage company,,https://www.stwater.co.uk/,100.0%
E14000920,Sheffield South East,Yorkshire Water,YKY,regional water and sewerage company,,https://www.stwater.co.uk/,100.0%
E14000921,"Sheffield, Brightside and Hillsborough",Yorkshire Water,YKY,regional water and sewerage company,,https://www.stwater.co.uk/,100.0%
E14000922,"Sheffield, Hallam",Yorkshire Water,YKY,regional water and sewerage company,,https://www.stwater.co.uk/,100.0%
E14000922,"Sheffield, Hallam",Severn Trent Water,SVE,regional water and sewerage company,,https://www.thameswater.co.uk/,0.0%
E14000923,"Sheffield, Heeley",Yorkshire Water,YKY,regional water and sewerage company,,https://www.stwater.co.uk/,100.0%
E14000924,Sherwood,Severn Trent Water,SVE,regional water and sewerage company,,https://www.thameswater.co.uk/,100.0%
E14000925,Shipley,Yorkshire Water,YKY,regional water and sewerage company,,https://www.stwater.co.uk/,100.0%
E14000926,Shrewsbury and Atcham,Severn Trent Water,SVE,regional water and sewerage company,,https://www.thameswater.co.uk/,100.0%
E14000927,Sittingbourne and Sheppey,Southern Water,SRN,regional water and sewerage company,,https://www.stwater.co.uk/,100.0%
E14000928,Skipton and Ripon,Yorkshire Water,YKY,regional water and sewerage company,,https://www.stwater.co.uk/,82.3%
E14000928,Skipton and Ripon,United Utilities,UUW,regional water and sewerage company,,https://www.stwater.co.uk/,17.7%
E14000929,Sleaford and North Hykeham,Anglian Water,ANH,regional water and sewerage company,,https://www.stwater.co.uk/,98.3%
E14000929,Sleaford and North Hykeham,Severn Trent Water,SVE,regional water and sewerage company,,https://www.thameswater.co.uk/,1.7%
E14000930,Slough,Thames Water,TMS,regional water and sewerage company,,https://www.unitedutilities.com/,100.0%
E14000931,Solihull,Severn Trent Water,SVE,regional water and sewerage company,,https://www.thameswater.co.uk/,100.0%
E14000932,Somerton and Frome,Wessex Water,WSX,regional water and sewerage company,,https://www.southernwater.co.uk/,100.0%
E14000933,South Basildon and East Thurrock,Anglian Water,ANH,regional water and sewerage company,,https://www.stwater.co.uk/,100.0%
E14000934,South Cambridgeshire,Anglian Water,ANH,regional water and sewerage company,,https://www.stwater.co.uk/,100.0%
E14000935,South Derbyshire,Severn Trent Water,SVE,regional water and sewerage company,,https://www.thameswater.co.uk/,100.0%
E14000936,South Dorset,Wessex Water,WSX,regional water and sewerage company,,https://www.southernwater.co.uk/,100.0%
E14000937,South East Cambridgeshire,Anglian Water,ANH,regional water and sewerage company,,https://www.stwater.co.uk/,100.0%
E14000938,South East Cornwall,South West Water,SWB,regional water and sewerage company,,https://www.unitedutilities.com/,100.0%
E14000939,South Holland and The Deepings,Anglian Water,ANH,regional water and sewerage company,,https://www.stwater.co.uk/,100.0%
E14000940,South Leicestershire,Severn Trent Water,SVE,regional water and sewerage company,,https://www.thameswater.co.uk/,100.0%
E14000941,South Norfolk,Anglian Water,ANH,regional water and sewerage company,,https://www.stwater.co.uk/,100.0%
E14000941,South Norfolk,Independent Water Networks,IWN,small new entrant water/sewerage company (sometimes referred to as a NAV),,https://www.unitedutilities.com/,0.0%
E14000942,South Northamptonshire,Anglian Water,ANH,regional water and sewerage company,,https://www.stwater.co.uk/,89.0%
E14000942,South Northamptonshire,Thames Water,TMS,regional water and sewerage company,,https://www.unitedutilities.com/,11.0%
E14000943,South Ribble,United Utilities,UUW,regional water and sewerage company,,https://www.stwater.co.uk/,100.0%
E14000944,South Shields,Northumbrian Water,NES,regional water and sewerage company,,https://www.leeputilities.co.uk/water,100.0%
E14000945,South Staffordshire,Severn Trent Water,SVE,regional water and sewerage company,,https://www.thameswater.co.uk/,100.0%
E14000946,South Suffolk,Anglian Water,ANH,regional water and sewerage company,,https://www.stwater.co.uk/,100.0%
E14000946,South Suffolk,Independent Water Networks,IWN,small new entrant water/sewerage company (sometimes referred to as a NAV),,https://www.unitedutilities.com/,0.0%
E14000947,South Swindon,Thames Water,TMS,regional water and sewerage company,,https://www.unitedutilities.com/,100.0%
E14000948,South Thanet,Southern Water,SRN,regional water and sewerage company,,https://www.stwater.co.uk/,100.0%
E14000949,South West Bedfordshire,Anglian Water,ANH,regional water and sewerage company,,https://www.stwater.co.uk/,93.1%
E14000949,South West Bedfordshire,Thames Water,TMS,regional water and sewerage company,,https://www.unitedutilities.com/,4.2%
E14000949,South West Bedfordshire,Independent Water Networks,IWN,small new entrant water/sewerage company (sometimes referred to as a NAV),,https://www.unitedutilities.com/,2.7%
E14000950,South West Devon,South West Water,SWB,regional water and sewerage company,,https://www.unitedutilities.com/,100.0%
E14000951,South West Hertfordshire,Thames Water,TMS,regional water and sewerage company,,https://www.unitedutilities.com/,100.0%
E14000952,South West Norfolk,Anglian Water,ANH,regional water and sewerage company,,https://www.stwater.co.uk/,99.4%
E14000952,South West Norfolk,Icosa Water Services,ICO,small new entrant water/sewerage company (sometimes referred to as a NAV),,https://www.iwnl.co.uk/,0.6%
E14000953,South West Surrey,Thames Water,TMS,regional water and sewerage company,,https://www.unitedutilities.com/,94.4%
E14000953,South West Surrey,Southern Water,SRN,regional water and sewerage company,,https://www.stwater.co.uk/,5.6%
E14000954,South West Wiltshire,Wessex Water,WSX,regional water and sewerage company,,https://www.southernwater.co.uk/,100.0%
E14000955,"Southampton, Itchen",Southern Water,SRN,regional water and sewerage company,,https://www.stwater.co.uk/,100.0%
E14000956,"Southampton, Test",Southern Water,SRN,regional water and sewerage company,,https://www.stwater.co.uk/,100.0%
E14000957,Southend West,Anglian Water,ANH,regional water and sewerage company,,https://www.stwater.co.uk/,100.0%
E14000958,Southport,United Utilities,UUW,regional water and sewerage company,,https://www.stwater.co.uk/,100.0%
E14000959,Spelthorne,Thames Water,TMS,regional water and sewerage company,,https://www.unitedutilities.com/,100.0%
E14000960,St Albans,Thames Water,TMS,regional water and sewerage company,,https://www.unitedutilities.com/,100.0%
E14000961,St Austell and Newquay,South West Water,SWB,regional water and sewerage company,,https://www.unitedutilities.com/,100.0%
E14000962,St Helens North,United Utilities,UUW,regional water and sewerage company,,https://www.stwater.co.uk/,100.0%
E14000963,St Helens South and Whiston,United Utilities,UUW,regional water and sewerage company,,https://www.stwater.co.uk/,100.0%
E14000964,St Ives,South West Water,SWB,regional water and sewerage company,,https://www.unitedutilities.com/,100.0%
E14000965,Stafford,Severn Trent Water,SVE,regional water and sewerage company,,https://www.thameswater.co.uk/,100.0%
E14000966,Staffordshire Moorlands,Severn Trent Water,SVE,regional water and sewerage company,,https://www.thameswater.co.uk/,78.1%
E14000966,Staffordshire Moorlands,United Utilities,UUW,regional water and sewerage company,,https://www.stwater.co.uk/,21.9%
E14000967,Stalybridge and Hyde,United Utilities,UUW,regional water and sewerage company,,https://www.stwater.co.uk/,100.0%
E14000968,Stevenage,Thames Water,TMS,regional water and sewerage company,,https://www.unitedutilities.com/,98.7%
E14000968,Stevenage,Anglian Water,ANH,regional water and sewerage company,,https://www.stwater.co.uk/,1.3%
E14000969,Stockport,United Utilities,UUW,regional water and sewerage company,,https://www.stwater.co.uk/,100.0%
E14000970,Stockton North,Northumbrian Water,NES,regional water and sewerage company,,https://www.leeputilities.co.uk/water,100.0%
E14000971,Stockton South,Northumbrian Water,NES,regional water and sewerage company,,https://www.leeputilities.co.uk/water,100.0%
E14000972,Stoke-on-Trent Central,Severn Trent Water,SVE,regional water and sewerage company,,https://www.thameswater.co.uk/,100.0%
E14000973,Stoke-on-Trent North,Severn Trent Water,SVE,regional water and sewerage company,,https://www.thameswater.co.uk/,80.5%
E14000973,Stoke-on-Trent North,United Utilities,UUW,regional water and sewerage company,,https://www.stwater.co.uk/,19.5%
E14000974,Stoke-on-Trent South,Severn Trent Water,SVE,regional water and sewerage company,,https://www.thameswater.co.uk/,100.0%
E14000975,Stone,Severn Trent Water,SVE,regional water and sewerage company,,https://www.thameswater.co.uk/,94.2%
E14000975,Stone,United Utilities,UUW,regional water and sewerage company,,https://www.stwater.co.uk/,5.8%
E14000976,Stourbridge,Severn Trent Water,SVE,regional water and sewerage company,,https://www.thameswater.co.uk/,100.0%
E14000977,Stratford-on-Avon,Severn Trent Water,SVE,regional water and sewerage company,,https://www.thameswater.co.uk/,99.7%
E14000977,Stratford-on-Avon,Thames Water,TMS,regional water and sewerage company,,https://www.unitedutilities.com/,0.3%
E14000978,Streatham,Thames Water,TMS,regional water and sewerage company,,https://www.unitedutilities.com/,100.0%
E14000979,Stretford and Urmston,United Utilities,UUW,regional water and sewerage company,,https://www.stwater.co.uk/,99.3%
E14000979,Stretford and Urmston,Leep Networks (Water),LEP,small new entrant water/sewerage company (sometimes referred to as a NAV),,https://www.thameswater.co.uk/,0.7%
E14000980,Stroud,Severn Trent Water,SVE,regional water and sewerage company,,https://www.thameswater.co.uk/,94.1%
E14000980,Stroud,Wessex Water,WSX,regional water and sewerage company,,https://www.southernwater.co.uk/,5.9%
E14000981,Suffolk Coastal,Anglian Water,ANH,regional water and sewerage company,,https://www.stwater.co.uk/,100.0%
E14000982,Sunderland Central,Northumbrian Water,NES,regional water and sewerage company,,https://www.leeputilities.co.uk/water,100.0%
E14000983,Surrey Heath,Thames Water,TMS,regional water and sewerage company,,https://www.unitedutilities.com/,100.0%
E14000984,Sutton and Cheam,Thames Water,TMS,regional water and sewerage company,,https://www.unitedutilities.com/,100.0%
E14000985,Sutton Coldfield,Severn Trent Water,SVE,regional water and sewerage company,,https://www.thameswater.co.uk/,100.0%
E14000986,Tamworth,Severn Trent Water,SVE,regional water and sewerage company,,https://www.thameswater.co.uk/,100.0%
E14000987,Tatton,United Utilities,UUW,regional water and sewerage company,,https://www.stwater.co.uk/,100.0%
E14000988,Taunton Deane,Wessex Water,WSX,regional water and sewerage company,,https://www.southernwater.co.uk/,98.8%
E14000988,Taunton Deane,South West Water,SWB,regional water and sewerage company,,https://www.unitedutilities.com/,1.2%
E14000989,Telford,Severn Trent Water,SVE,regional water and sewerage company,,https://www.thameswater.co.uk/,100.0%
E14000990,Tewkesbury,Severn Trent Water,SVE,regional water and sewerage company,,https://www.thameswater.co.uk/,99.0%
E14000990,Tewkesbury,Icosa Water Services,ICO,small new entrant water/sewerage company (sometimes referred to as a NAV),,https://www.iwnl.co.uk/,0.6%
E14000990,Tewkesbury,Thames Water,TMS,regional water and sewerage company,,https://www.unitedutilities.com/,0.4%
E14000991,The Cotswolds,Thames Water,TMS,regional water and sewerage company,,https://www.unitedutilities.com/,67.4%
E14000991,The Cotswolds,Severn Trent Water,SVE,regional water and sewerage company,,https://www.thameswater.co.uk/,15.8%
E14000991,The Cotswolds,Wessex Water,WSX,regional water and sewerage company,,https://www.southernwater.co.uk/,15.4%
E14000991,The Cotswolds,Albion Water,ALB,small new entrant water/sewerage company (sometimes referred to as a NAV),,https://www.southernwater.co.uk/,1.3%
E14000992,The Wrekin,Severn Trent Water,SVE,regional water and sewerage company,,https://www.thameswater.co.uk/,100.0%
E14000993,Thirsk and Malton,Yorkshire Water,YKY,regional water and sewerage company,,https://www.stwater.co.uk/,100.0%
E14000994,Thornbury and Yate,Wessex Water,WSX,regional water and sewerage company,,https://www.southernwater.co.uk/,97.4%
E14000994,Thornbury and Yate,Leep Networks (Water),SSE,small new entrant water/sewerage company (sometimes referred to as a NAV),,https://www.thameswater.co.uk/,2.6%
E14000994,Thornbury and Yate,Severn Trent Water,SVE,regional water and sewerage company,,https://www.thameswater.co.uk/,0.0%
E14000995,Thurrock,Anglian Water,ANH,regional water and sewerage company,,https://www.stwater.co.uk/,100.0%
E14000995,Thurrock,Thames Water,TMS,regional water and sewerage company,,https://www.unitedutilities.com/,0.0%
E14000996,Tiverton and Honiton,South West Water,SWB,regional water and sewerage company,,https://www.unitedutilities.com/,99.6%
E14000996,Tiverton and Honiton,Wessex Water,WSX,regional water and sewerage company,,https://www.southernwater.co.uk/,0.4%
E14000997,Tonbridge and Malling,Southern Water,SRN,regional water and sewerage company,,https://www.stwater.co.uk/,99.3%
E14000997,Tonbridge and Malling,Thames Water,TMS,regional water and sewerage company,,https://www.unitedutilities.com/,0.7%
E14000998,Tooting,Thames Water,TMS,regional water and sewerage company,,https://www.unitedutilities.com/,100.0%
E14000999,Torbay,South West Water,SWB,regional water and sewerage company,,https://www.unitedutilities.com/,100.0%
E14001000,Torridge and West Devon,South West Water,SWB,regional water and sewerage company,,https://www.unitedutilities.com/,100.0%
E14001001,Totnes,South West Water,SWB,regional water and sewerage company,,https://www.unitedutilities.com/,100.0%
E14001002,Tottenham,Thames Water,TMS,regional water and sewerage company,,https://www.unitedutilities.com/,97.4%
E14001002,Tottenham,Leep Networks (Water),SSE,small new entrant water/sewerage company (sometimes referred to as a NAV),,https://www.thameswater.co.uk/,2.6%
E14001003,Truro and Falmouth,South West Water,SWB,regional water and sewerage company,,https://www.unitedutilities.com/,100.0%
E14001003,Truro and Falmouth,Icosa Water Services,ICO,small new entrant water/sewerage company (sometimes referred to as a NAV),,https://www.iwnl.co.uk/,0.0%
E14001004,Tunbridge Wells,Southern Water,SRN,regional water and sewerage company,,https://www.stwater.co.uk/,100.0%
E14001005,Twickenham,Thames Water,TMS,regional water and sewerage company,,https://www.unitedutilities.com/,100.0%
E14001006,Tynemouth,Northumbrian Water,NES,regional water and sewerage company,,https://www.leeputilities.co.uk/water,100.0%
E14001007,Uxbridge and South Ruislip,Thames Water,TMS,regional water and sewerage company,,https://www.unitedutilities.com/,100.0%
E14001008,Vauxhall,Thames Water,TMS,regional water and sewerage company,,https://www.unitedutilities.com/,100.0%
E14001009,Wakefield,Yorkshire Water,YKY,regional water and sewerage company,,https://www.stwater.co.uk/,100.0%
E14001010,Wallasey,United Utilities,UUW,regional water and sewerage company,,https://www.stwater.co.uk/,100.0%
E14001011,Walsall North,Severn Trent Water,SVE,regional water and sewerage company,,https://www.thameswater.co.uk/,100.0%
E14001012,Walsall South,Severn Trent Water,SVE,regional water and sewerage company,,https://www.thameswater.co.uk/,100.0%
E14001013,Walthamstow,Thames Water,TMS,regional water and sewerage company,,https://www.unitedutilities.com/,100.0%
E14001014,Wansbeck,Northumbrian Water,NES,regional water and sewerage company,,https://www.leeputilities.co.uk/water,100.0%
E14001015,Wantage,Thames Water,TMS,regional water and sewerage company,,https://www.unitedutilities.com/,94.4%
E14001015,Wantage,Leep Networks (Water),SSE,small new entrant water/sewerage company (sometimes referred to as a NAV),,https://www.thameswater.co.uk/,5.6%
E14001016,Warley,Severn Trent Water,SVE,regional water and sewerage company,,https://www.thameswater.co.uk/,100.0%
E14001017,Warrington North,United Utilities,UUW,regional water and sewerage company,,https://www.stwater.co.uk/,100.0%
E14001018,Warrington South,United Utilities,UUW,regional water and sewerage company,,https://www.stwater.co.uk/,100.0%
E14001019,Warwick and Leamington,Severn Trent Water,SVE,regional water and sewerage company,,https://www.thameswater.co.uk/,100.0%
E14001020,Washington and Sunderland West,Northumbrian Water,NES,regional water and sewerage company,,https://www.leeputilities.co.uk/water,100.0%
E14001021,Watford,Thames Water,TMS,regional water and sewerage company,,https://www.unitedutilities.com/,100.0%
E14001022,Waveney,Anglian Water,ANH,regional water and sewerage company,,https://www.stwater.co.uk/,100.0%
E14001023,Wealden,Southern Water,SRN,regional water and sewerage company,,https://www.stwater.co.uk/,99.2%
E14001023,Wealden,Icosa Water Services,ICO,small new entrant water/sewerage company (sometimes referred to as a NAV),,https://www.iwnl.co.uk/,0.8%
E14001024,Weaver Vale,United Utilities,UUW,regional water and sewerage company,,https://www.stwater.co.uk/,100.0%
E14001025,Wellingborough,Anglian Water,ANH,regional water and sewerage company,,https://www.stwater.co.uk/,100.0%
E14001026,Wells,Wessex Water,WSX,regional water and sewerage company,,https://www.southernwater.co.uk/,100.0%
E14001027,Welwyn Hatfield,Thames Water,TMS,regional water and sewerage company,,https://www.unitedutilities.com/,100.0%
E14001028,Wentworth and Dearne,Yorkshire Water,YKY,regional water and sewerage company,,https://www.stwater.co.uk/,90.7%
E14001028,Wentworth and Dearne,Severn Trent Water,SVE,regional water and sewerage company,,https://www.thameswater.co.uk/,9.3%
E14001029,West Bromwich East,Severn Trent Water,SVE,regional water and sewerage company,,https://www.thameswater.co.uk/,100.0%
E14001030,West Bromwich West,Severn Trent Water,SVE,regional water and sewerage company,,https://www.thameswater.co.uk/,100.0%
E14001031,West Dorset,Wessex Water,WSX,regional water and sewerage company,,https://www.southernwater.co.uk/,91.2%
E14001031,West Dorset,South West Water,SWB,regional water and sewerage company,,https://www.unitedutilities.com/,8.2%
E14001031,West Dorset,Leep Networks (Water),SSE,small new entrant water/sewerage company (sometimes referred to as a NAV),,https://www.thameswater.co.uk/,0.6%
E14001032,West Ham,Thames Water,TMS,regional water and sewerage company,,https://www.unitedutilities.com/,100.0%
E14001033,West Lancashire,United Utilities,UUW,regional water and sewerage company,,https://www.stwater.co.uk/,100.0%
E14001034,West Suffolk,Anglian Water,ANH,regional water and sewerage company,,https://www.stwater.co.uk/,100.0%
E14001035,West Worcestershire,Severn Trent Water,SVE,regional water and sewerage company,,https://www.thameswater.co.uk/,99.7%
E14001035,West Worcestershire,Dŵr Cymru,WSH,regional water and sewerage company,,https://www.icosawater.co.uk/,0.3%
E14001036,Westminster North,Thames Water,TMS,regional water and sewerage company,,https://www.unitedutilities.com/,100.0%
E14001037,Westmorland and Lonsdale,United Utilities,UUW,regional water and sewerage company,,https://www.stwater.co.uk/,100.0%
E14001038,Weston-Super-Mare,Wessex Water,WSX,regional water and sewerage company,,https://www.southernwater.co.uk/,100.0%
E14001039,Wigan,United Utilities,UUW,regional water and sewerage company,,https://www.stwater.co.uk/,100.0%
E14001040,Wimbledon,Thames Water,TMS,regional water and sewerage company,,https://www.unitedutilities.com/,100.0%
E14001041,Winchester,Southern Water,SRN,regional water and sewerage company,,https://www.stwater.co.uk/,100.0%
E14001042,Windsor,Thames Water,TMS,regional water and sewerage company,,https://www.unitedutilities.com/,100.0%
E14001043,Wirral South,United Utilities,UUW,regional water and sewerage company,,https://www.stwater.co.uk/,88.0%
E14001043,Wirral South,Dŵr Cymru,WSH,regional water and sewerage company,,https://www.icosawater.co.uk/,12.0%
E14001044,Wirral West,United Utilities,UUW,regional water and sewerage company,,https://www.stwater.co.uk/,99.7%
E14001044,Wirral West,Dŵr Cymru,WSH,regional water and sewerage company,,https://www.icosawater.co.uk/,0.3%
E14001045,Witham,Anglian Water,ANH,regional water and sewerage company,,https://www.stwater.co.uk/,100.0%
E14001046,Witney,Thames Water,TMS,regional water and sewerage company,,https://www.unitedutilities.com/,100.0%
E14001046,Witney,Severn Trent Water,SVE,regional water and sewerage company,,https://www.thameswater.co.uk/,0.0%
E14001047,Woking,Thames Water,TMS,regional water and sewerage company,,https://www.unitedutilities.com/,100.0%
E14001048,Wokingham,Thames Water,TMS,regional water and sewerage company,,https://www.unitedutilities.com/,100.0%
E14001049,Wolverhampton North East,Severn Trent Water,SVE,regional water and sewerage company,,https://www.thameswater.co.uk/,100.0%
E14001050,Wolverhampton South East,Severn Trent Water,SVE,regional water and sewerage company,,https://www.thameswater.co.uk/,100.0%
E14001051,Wolverhampton South West,Severn Trent Water,SVE,regional water and sewerage company,,https://www.thameswater.co.uk/,100.0%
E14001052,Worcester,Severn Trent Water,SVE,regional water and sewerage company,,https://www.thameswater.co.uk/,100.0%
E14001053,Workington,United Utilities,UUW,regional water and sewerage company,,https://www.stwater.co.uk/,100.0%
E14001054,Worsley and Eccles South,United Utilities,UUW,regional water and sewerage company,,https://www.stwater.co.uk/,99.6%
E14001054,Worsley and Eccles South,Icosa Water Services,ICO,small new entrant water/sewerage company (sometimes referred to as a NAV),,https://www.iwnl.co.uk/,0.4%
E14001055,Worthing West,Southern Water,SRN,regional water and sewerage company,,https://www.stwater.co.uk/,99.5%
E14001055,Worthing West,Icosa Water Services,ICO,small new entrant water/sewerage company (sometimes referred to as a NAV),,https://www.iwnl.co.uk/,0.5%
E14001056,Wycombe,Thames Water,TMS,regional water and sewerage company,,https://www.unitedutilities.com/,100.0%
E14001057,Wyre and Preston North,United Utilities,UUW,regional water and sewerage company,,https://www.stwater.co.uk/,100.0%
E14001058,Wyre Forest,Severn Trent Water,SVE,regional water and sewerage company,,https://www.thameswater.co.uk/,100.0%
E14001059,Wythenshawe and Sale East,United Utilities,UUW,regional water and sewerage company,,https://www.stwater.co.uk/,100.0%
E14001060,Yeovil,Wessex Water,WSX,regional water and sewerage company,,https://www.southernwater.co.uk/,95.4%
E14001060,Yeovil,South West Water,SWB,regional water and sewerage company,,https://www.unitedutilities.com/,4.6%
E14001061,York Central,Yorkshire Water,YKY,regional water and sewerage company,,https://www.stwater.co.uk/,100.0%
E14001062,York Outer,Yorkshire Water,YKY,regional water and sewerage company,,https://www.stwater.co.uk/,100.0%
W07000041,Ynys Môn,Dŵr Cymru,WSH,regional water and sewerage company,,https://www.icosawater.co.uk/,100.0%
W07000042,Delyn,Dŵr Cymru,WSH,regional water and sewerage company,,https://www.icosawater.co.uk/,100.0%
W07000043,Alyn and Deeside,Dŵr Cymru,WSH,regional water and sewerage company,,https://www.icosawater.co.uk/,100.0%
W07000044,Wrexham,Dŵr Cymru,WSH,regional water and sewerage company,,https://www.icosawater.co.uk/,100.0%
W07000045,Llanelli,Dŵr Cymru,WSH,regional water and sewerage company,,https://www.icosawater.co.uk/,100.0%
W07000046,Gower,Dŵr Cymru,WSH,regional water and sewerage company,,https://www.icosawater.co.uk/,100.0%
W07000047,Swansea West,Dŵr Cymru,WSH,regional water and sewerage company,,https://www.icosawater.co.uk/,100.0%
W07000048,Swansea East,Dŵr Cymru,WSH,regional water and sewerage company,,https://www.icosawater.co.uk/,100.0%
W07000049,Aberavon,Dŵr Cymru,WSH,regional water and sewerage company,,https://www.icosawater.co.uk/,100.0%
W07000050,Cardiff Central,Dŵr Cymru,WSH,regional water and sewerage company,,https://www.icosawater.co.uk/,100.0%
W07000051,Cardiff North,Dŵr Cymru,WSH,regional water and sewerage company,,https://www.icosawater.co.uk/,100.0%
W07000052,Rhondda,Dŵr Cymru,WSH,regional water and sewerage company,,https://www.icosawater.co.uk/,100.0%
W07000053,Torfaen,Dŵr Cymru,WSH,regional water and sewerage company,,https://www.icosawater.co.uk/,100.0%
W07000054,Monmouth,Dŵr Cymru,WSH,regional water and sewerage company,,https://www.icosawater.co.uk/,100.0%
W07000055,Newport East,Dŵr Cymru,WSH,regional water and sewerage company,,https://www.icosawater.co.uk/,100.0%
W07000056,Newport West,Dŵr Cymru,WSH,regional water and sewerage company,,https://www.icosawater.co.uk/,100.0%
W07000057,Arfon,Dŵr Cymru,WSH,regional water and sewerage company,,https://www.icosawater.co.uk/,100.0%
W07000058,Aberconwy,Dŵr Cymru,WSH,regional water and sewerage company,,https://www.icosawater.co.uk/,100.0%
W07000059,Clwyd West,Dŵr Cymru,WSH,regional water and sewerage company,,https://www.icosawater.co.uk/,100.0%
W07000060,Vale of Clwyd,Dŵr Cymru,WSH,regional water and sewerage company,,https://www.icosawater.co.uk/,100.0%
W07000061,Dwyfor Meirionnydd,Dŵr Cymru,WSH,regional water and sewerage company,,https://www.icosawater.co.uk/,100.0%
W07000062,Clwyd South,Dŵr Cymru,WSH,regional water and sewerage company,,https://www.icosawater.co.uk/,99.4%
W07000062,Clwyd South,Hafren Dyfrdwy,HDD,regional water and sewerage company,,https://www.stwater.co.uk/,0.6%
W07000063,Montgomeryshire,Hafren Dyfrdwy,HDD,regional water and sewerage company,,https://www.stwater.co.uk/,90.3%
W07000063,Montgomeryshire,Dŵr Cymru,WSH,regional water and sewerage company,,https://www.icosawater.co.uk/,9.7%
W07000064,Ceredigion,Dŵr Cymru,WSH,regional water and sewerage company,,https://www.icosawater.co.uk/,100.0%
W07000065,Preseli Pembrokeshire,Dŵr Cymru,WSH,regional water and sewerage company,,https://www.icosawater.co.uk/,100.0%
W07000066,Carmarthen West and South Pembrokeshire,Dŵr Cymru,WSH,regional water and sewerage company,,https://www.icosawater.co.uk/,100.0%
W07000067,Carmarthen East and Dinefwr,Dŵr Cymru,WSH,regional water and sewerage company,,https://www.icosawater.co.uk/,100.0%
W07000068,Brecon and Radnorshire,Dŵr Cymru,WSH,regional water and sewerage company,,https://www.icosawater.co.uk/,94.6%
W07000068,Brecon and Radnorshire,Hafren Dyfrdwy,HDD,regional water and sewerage company,,https://www.stwater.co.uk/,5.4%
W07000069,Neath,Dŵr Cymru,WSH,regional water and sewerage company,,https://www.icosawater.co.uk/,100.0%
W07000070,Cynon Valley,Dŵr Cymru,WSH,regional water and sewerage company,,https://www.icosawater.co.uk/,100.0%
W07000071,Merthyr Tydfil and Rhymney,Dŵr Cymru,WSH,regional water and sewerage company,,https://www.icosawater.co.uk/,100.0%
W07000072,Blaenau Gwent,Dŵr Cymru,WSH,regional water and sewerage company,,https://www.icosawater.co.uk/,100.0%
W07000073,Bridgend,Dŵr Cymru,WSH,regional water and sewerage company,,https://www.icosawater.co.uk/,100.0%
W07000074,Ogmore,Dŵr Cymru,WSH,regional water and sewerage company,,https://www.icosawater.co.uk/,99.3%
W07000074,Ogmore,Leep Networks (Water),SSE,small new entrant water/sewerage company (sometimes referred to as a NAV),,https://www.thameswater.co.uk/,0.7%
W07000075,Pontypridd,Dŵr Cymru,WSH,regional water and sewerage company,,https://www.icosawater.co.uk/,100.0%
W07000076,Caerphilly,Dŵr Cymru,WSH,regional water and sewerage company,,https://www.icosawater.co.uk/,100.0%
W07000077,Islwyn,Dŵr Cymru,WSH,regional water and sewerage company,,https://www.icosawater.co.uk/,100.0%
W07000078,Vale of Glamorgan,Dŵr Cymru,WSH,regional water and sewerage company,,https://www.icosawater.co.uk/,100.0%
W07000079,Cardiff West,Dŵr Cymru,WSH,regional water and sewerage company,,https://www.icosawater.co.uk/,100.0%
W07000080,Cardiff South and Penarth,Dŵr Cymru,WSH,regional water and sewerage company,,https://www.icosawater.co.uk/,100.0%
